model_id,model,fold,accuracy,precision_macro,recall_macro,f1_macro
speechbrain_ecapa,ECAPA-TDNN,1,1.0,1.0,1.0,1.0
speechbrain_ecapa,ECAPA-TDNN,2,1.0,1.0,1.0,1.0
speechbrain_ecapa,ECAPA-TDNN,3,1.0,1.0,1.0,1.0
speechbrain_ecapa,ECAPA-TDNN,4,1.0,1.0,1.0,1.0
speechbrain_ecapa,ECAPA-TDNN,5,0.9981343283582089,0.9984375,0.9984375,0.9983870967741936
speechbrain_xvector,X-Vector,1,1.0,1.0,1.0,1.0
speechbrain_xvector,X-Vector,2,1.0,1.0,1.0,1.0
speechbrain_xvector,X-Vector,3,0.994475138121547,0.9948151629072681,0.9952850877192982,0.9948355964660311
speechbrain_xvector,X-Vector,4,0.9981549815498155,0.9983333333333334,0.9964285714285716,0.9972148541114059
speechbrain_xvector,X-Vector,5,0.9981343283582089,0.9986111111111111,0.9984375,0.9984792626728112
wavlm_base_plus_sv,WavLM,1,0.9888888888888889,0.9898578749681691,0.990669934640523,0.9899266880808526
wavlm_base_plus_sv,WavLM,2,0.985239852398524,0.9862061794414736,0.98612012987013,0.9857112631101765
wavlm_base_plus_sv,WavLM,3,0.9705340699815838,0.9734622118078,0.9673476998148051,0.9692863266736073
wavlm_base_plus_sv,WavLM,4,0.9797047970479705,0.9829256533155528,0.9782905416951468,0.9797658508973672
wavlm_base_plus_sv,WavLM,5,0.996268656716418,0.9967708333333334,0.9963541666666667,0.9964380712869371
unispeech_sat_base_plus_sv,UniSpeech-SAT,1,0.987037037037037,0.987202380952381,0.9877711075689017,0.9872023430050643
unispeech_sat_base_plus_sv,UniSpeech-SAT,2,0.977859778597786,0.9782679473304473,0.9782802175894283,0.9773210186904671
unispeech_sat_base_plus_sv,UniSpeech-SAT,3,0.9742173112338858,0.9747748778998779,0.9749198743722737,0.9730081864440567
unispeech_sat_base_plus_sv,UniSpeech-SAT,4,0.9833948339483395,0.9837078934137757,0.9817550505050505,0.9820743718716924
unispeech_sat_base_plus_sv,UniSpeech-SAT,5,0.9813432835820896,0.9821124851455734,0.9809216605762658,0.9808904425371026
