task_number,task,status,evidence,scientific_note,verification_error
1,Comparative analysis of four embedding models,COMPLETE,C:\Users\addld\Desktop\speaker_identification_01\research_results\ieee_complete\tasks_01_02_model_cv\model_comparison.csv; C:\Users\addld\Desktop\speaker_identification_01\research_results\ieee_complete\tasks_01_02_model_cv\accuracy_comparison.png; C:\Users\addld\Desktop\speaker_identification_01\research_results\ieee_complete\tasks_01_02_model_cv\precision_macro_comparison.png; C:\Users\addld\Desktop\speaker_identification_01\research_results\ieee_complete\tasks_01_02_model_cv\recall_macro_comparison.png; C:\Users\addld\Desktop\speaker_identification_01\research_results\ieee_complete\tasks_01_02_model_cv\f1_macro_comparison.png,"Same 2,703 LibriSpeech clips and persisted folds are used for every model; this utterance-level result is secondary to the strict protocol.",
2,Five-fold cross-validation,COMPLETE,C:\Users\addld\Desktop\speaker_identification_01\research_results\ieee_complete\tasks_01_02_model_cv\five_fold_metrics.csv,Five-fold estimates are utterance-level and optimistic; the chapter-held-out two-fold study is the primary leakage-controlled comparison.,
3,Classifier comparison,COMPLETE,C:\Users\addld\Desktop\speaker_identification_01\research_results\ieee_complete\task_03_classifier_comparison\classifier_comparison_all_metrics.csv,"Four embeddings by eight classifiers, exceeding the six requested classifier families.",
4,Evaluation on an additional public dataset,COMPLETE,C:\Users\addld\Desktop\speaker_identification_01\research_results\ieee_complete\task_04_multi_dataset\dataset_comparison.csv,LibriSpeech (40 speakers) and the Kaggle-derived corpus (5 speakers) are reported descriptively with chance-normalized values; raw accuracies are not treated as a controlled ranking.,
5,Noise robustness,COMPLETE,C:\Users\addld\Desktop\speaker_identification_01\research_results\robustness_benchmark\protocols\librispeech_dev_clean_chapter_heldout_balanced_subset__90bb68c4fbc1\summary\logistic_regression\full\model_condition_summary.csv; C:\Users\addld\Desktop\speaker_identification_01\research_results\robustness_benchmark\protocols\librispeech_dev_clean_chapter_heldout_balanced_subset__90bb68c4fbc1\summary\logistic_regression\full\environmental_noise_accuracy.png,"Named environmental conditions are deterministic controlled proxies mixed at 10 dB SNR, not recordings from a real-noise corpus.",
6,Short-duration evaluation,COMPLETE,C:\Users\addld\Desktop\speaker_identification_01\research_results\robustness_benchmark\protocols\librispeech_dev_clean_chapter_heldout_balanced_subset__90bb68c4fbc1\summary\logistic_regression\full\model_condition_summary.csv; C:\Users\addld\Desktop\speaker_identification_01\research_results\robustness_benchmark\protocols\librispeech_dev_clean_chapter_heldout_balanced_subset__90bb68c4fbc1\summary\logistic_regression\full\short_duration_accuracy.png,Identical balanced held-out clips are center-cropped or zero-padded to each requested duration.,
7,Open-set unknown-speaker recognition,COMPLETE,C:\Users\addld\Desktop\speaker_identification_01\research_results\ieee_complete\task_07_open_set\open_set_summary.csv; C:\Users\addld\Desktop\speaker_identification_01\research_results\ieee_complete\task_07_open_set\open_set_roc.png,Calibration and final unknown-test identities are disjoint; the desktop app applies the detector calibrated for the currently selected embedding model.,
8,"PCA, t-SNE and UMAP embedding visualization",COMPLETE,C:\Users\addld\Desktop\speaker_identification_01\research_results\ieee_complete\task_08_embedding_visualization\embedding_visualization_metrics.csv,All projections use the same deterministic balanced 800-clip subset.,
9,Hyperparameter tuning,COMPLETE,C:\Users\addld\Desktop\speaker_identification_01\research_results\ieee_complete\task_09_hyperparameter_tuning\model_level_comparison.csv,Nested SVM tuning uses only outer-training data for selection.,
10,Computational performance analysis,COMPLETE,C:\Users\addld\Desktop\speaker_identification_01\research_results\ieee_complete\task_10_computation\computational_performance.csv,"Fresh sequential subprocess profiling reports cold/warm CPU latency, CPU time, peak RSS, model weights and GPU availability.",
11,Statistical significance analysis,COMPLETE,C:\Users\addld\Desktop\speaker_identification_01\research_results\ieee_complete\task_11_statistics\pairwise_significance_tests.csv,Paired t-tests and Wilcoxon signed-rank tests use identical folds with Holm correction; n=5 remains low-power.,
12,Preprocessing and sample-rate ablation,COMPLETE,C:\Users\addld\Desktop\speaker_identification_01\research_results\ieee_complete\task_12_preprocessing_ablation\model_variant_summary.csv; C:\Users\addld\Desktop\speaker_identification_01\research_results\ieee_complete\task_12_preprocessing_ablation\factorial_effects_summary.csv; C:\Users\addld\Desktop\speaker_identification_01\research_results\robustness_benchmark\protocols\librispeech_dev_clean_chapter_heldout_balanced_subset__90bb68c4fbc1\summary\logistic_regression\full\sample_rate_accuracy.png,"The 2^3 trim/denoise/normalize factorial is combined with 8, 16 and 22.05 kHz resampling conditions.",
