dataset,model_id,model,fold,accuracy,precision_macro,recall_macro,f1_macro
Original Kaggle-derived five-speaker set,speechbrain_ecapa,ECAPA-TDNN,1,0.8694424841213833,0.8673107187703039,0.8672258903050611,0.8671392377672863
Original Kaggle-derived five-speaker set,speechbrain_ecapa,ECAPA-TDNN,2,0.8595624558927312,0.8579262120978692,0.8581414955883776,0.8577195703656951
Original Kaggle-derived five-speaker set,speechbrain_ecapa,ECAPA-TDNN,3,0.8708539167254764,0.8709262228971759,0.8690828715841468,0.8695547504002489
Original Kaggle-derived five-speaker set,speechbrain_ecapa,ECAPA-TDNN,4,0.8652081863091038,0.8633226290979099,0.8632437784502944,0.8631179688441115
Original Kaggle-derived five-speaker set,speechbrain_ecapa,ECAPA-TDNN,5,0.8559322033898306,0.8562517244442841,0.8541178015516125,0.8543116474646805
Original Kaggle-derived five-speaker set,speechbrain_xvector,X-Vector,1,0.9258997882851094,0.9244510898571237,0.924120984788581,0.9242226746831126
Original Kaggle-derived five-speaker set,speechbrain_xvector,X-Vector,2,0.9273112208892026,0.9267607354573595,0.9262269514348681,0.9262369958638856
Original Kaggle-derived five-speaker set,speechbrain_xvector,X-Vector,3,0.9287226534932957,0.9292193274250072,0.92745230530843,0.927939412373964
Original Kaggle-derived five-speaker set,speechbrain_xvector,X-Vector,4,0.9209597741707833,0.9200726877318747,0.9202111843122944,0.9200635890636724
Original Kaggle-derived five-speaker set,speechbrain_xvector,X-Vector,5,0.9103107344632768,0.9094545141315198,0.9088033006512208,0.9090150002777986
Original Kaggle-derived five-speaker set,wavlm_base_plus_sv,WavLM,1,0.8645024700070572,0.8625043372538492,0.86222806804566,0.8619505345832387
Original Kaggle-derived five-speaker set,wavlm_base_plus_sv,WavLM,2,0.8637967537050106,0.8634075549573147,0.8616472828182342,0.8620682385235158
Original Kaggle-derived five-speaker set,wavlm_base_plus_sv,WavLM,3,0.8546224417784051,0.8528595676669705,0.8524899261333513,0.8525030570593802
Original Kaggle-derived five-speaker set,wavlm_base_plus_sv,WavLM,4,0.858151023288638,0.8570392869865703,0.8564525446115159,0.8566270267030316
Original Kaggle-derived five-speaker set,wavlm_base_plus_sv,WavLM,5,0.844632768361582,0.8422935423929367,0.8422672556279871,0.8420208741219948
Original Kaggle-derived five-speaker set,unispeech_sat_base_plus_sv,UniSpeech-SAT,1,0.8680310515172901,0.8659670772318122,0.8656032921434011,0.865654295286989
Original Kaggle-derived five-speaker set,unispeech_sat_base_plus_sv,UniSpeech-SAT,2,0.858151023288638,0.8561674143319433,0.8557569680786079,0.8558508149449203
Original Kaggle-derived five-speaker set,unispeech_sat_base_plus_sv,UniSpeech-SAT,3,0.8616796047988708,0.8612456385927537,0.8597058793198503,0.85989176069395
Original Kaggle-derived five-speaker set,unispeech_sat_base_plus_sv,UniSpeech-SAT,4,0.8856739590684545,0.8839901040512039,0.8841019616242466,0.8838896626840598
Original Kaggle-derived five-speaker set,unispeech_sat_base_plus_sv,UniSpeech-SAT,5,0.8665254237288136,0.8649841990634721,0.864911956651173,0.8648867180084835
