model_id,model_display_name,variant,trim,denoise,normalize,outer_folds,test_samples_total,accuracy_mean,accuracy_fold_sd,balanced_accuracy_mean,f1_macro_mean,f1_macro_fold_sd,accuracy_delta_from_raw_mean,fit_seconds_mean
speechbrain_ecapa,SpeechBrain — ECAPA-TDNN,raw,False,False,False,2,2185,0.9891291227858414,0.007436154176152329,0.991282214347402,0.9890572580341058,0.00749054885011862,0.0,0.036161649972200394
speechbrain_ecapa,SpeechBrain — ECAPA-TDNN,normalize,False,False,True,2,2185,0.9891291227858414,0.007436154176152329,0.991282214347402,0.9890572580341058,0.00749054885011862,0.0,0.021745899983216077
speechbrain_ecapa,SpeechBrain — ECAPA-TDNN,trim,True,False,False,2,2185,0.9895968496333625,0.008097619827402617,0.9917987727065924,0.9895969624656719,0.008332917173751543,0.000467726847521055,0.020890300045721233
speechbrain_ecapa,SpeechBrain — ECAPA-TDNN,denoise,False,True,False,2,2185,0.9891291227858414,0.007436154176152329,0.9910090062994734,0.9888495987401131,0.007587616897608778,0.0,0.020590499974787235
speechbrain_ecapa,SpeechBrain — ECAPA-TDNN,trim_normalize,True,False,True,2,2185,0.9895968496333625,0.008097619827402617,0.9917987727065924,0.9895969624656719,0.008332917173751543,0.000467726847521055,0.02029844996286556
speechbrain_ecapa,SpeechBrain — ECAPA-TDNN,denoise_normalize,False,True,True,2,2185,0.9891291227858414,0.007436154176152329,0.9910090062994734,0.9888495987401131,0.007587616897608778,0.0,0.022788100061006844
speechbrain_ecapa,SpeechBrain — ECAPA-TDNN,trim_denoise,True,True,False,2,2185,0.9886810941120063,0.008069762403022021,0.9902696913415951,0.9883846074838624,0.008203377215053452,-0.00044802867383514355,0.023875650018453598
speechbrain_ecapa,SpeechBrain — ECAPA-TDNN,trim_denoise_normalize,True,True,True,2,2185,0.9886810941120063,0.008069762403022021,0.9902696913415951,0.9883846074838624,0.008203377215053452,-0.00044802867383514355,0.027606349962297827
speechbrain_xvector,SpeechBrain — X-Vector,raw,False,False,False,2,2185,0.9640294584091922,0.0179223999664031,0.9667830479890354,0.9628784539629061,0.018617931591867247,0.0,0.079093600041233
speechbrain_xvector,SpeechBrain — X-Vector,normalize,False,False,True,2,2185,0.9640294584091922,0.0179223999664031,0.9667830479890354,0.9628784539629061,0.018617931591867247,0.0,0.07622185000218451
speechbrain_xvector,SpeechBrain — X-Vector,trim,True,False,False,2,2185,0.9742800527072835,0.005960303395136945,0.9766241474423416,0.9742503468630359,0.004423346018672217,0.01025059429809122,0.07514784997329116
speechbrain_xvector,SpeechBrain — X-Vector,denoise,False,True,False,2,2185,0.9609129558660323,0.01219206850019551,0.9630009228865406,0.9582198700240105,0.014304003429316635,-0.003116502543159927,0.06250864994945005
speechbrain_xvector,SpeechBrain — X-Vector,trim_normalize,True,False,True,2,2185,0.9742800527072835,0.005960303395136945,0.9766241474423416,0.9742503468630359,0.004423346018672217,0.01025059429809122,0.06468294997466728
speechbrain_xvector,SpeechBrain — X-Vector,denoise_normalize,False,True,True,2,2185,0.9609129558660323,0.01219206850019551,0.9630009228865406,0.9582198700240105,0.014304003429316635,-0.003116502543159927,0.06734205002430826
speechbrain_xvector,SpeechBrain — X-Vector,trim_denoise,True,True,False,2,2185,0.9697800677952463,0.0009192950045602425,0.9723905526844072,0.9690708036149303,0.00038946332134738424,0.00575060938605404,0.06278974999440834
speechbrain_xvector,SpeechBrain — X-Vector,trim_denoise_normalize,True,True,True,2,2185,0.9697800677952463,0.0009192950045602425,0.9723905526844072,0.9690708036149303,0.00038946332134738424,0.00575060938605404,0.05815399996936321
wavlm_base_plus_sv,Microsoft — WavLM Base Plus SV,raw,False,False,False,2,2185,0.9319386188143544,0.021487557575964416,0.939894971179685,0.9297029610596508,0.021245115740283697,0.0,0.13882434996776283
wavlm_base_plus_sv,Microsoft — WavLM Base Plus SV,normalize,False,False,True,2,2185,0.9343166493993315,0.01559008156347317,0.9436013639614158,0.9323736558737947,0.013499179334115945,0.0023780305849770977,0.12073600001167506
wavlm_base_plus_sv,Microsoft — WavLM Base Plus SV,trim,True,False,False,2,2185,0.9261930387492414,0.00807035511417905,0.9353999186223936,0.9262106999491257,0.0020176448293974017,-0.005745580065112943,0.13164959999267012
wavlm_base_plus_sv,Microsoft — WavLM Base Plus SV,denoise,False,True,False,2,2185,0.9348237725942243,0.012338468155983077,0.9436347450331022,0.9353407468035634,0.010565794324196338,0.0028851537798699756,0.12509514996781945
wavlm_base_plus_sv,Microsoft — WavLM Base Plus SV,trim_normalize,True,False,True,2,2185,0.932544232877677,0.011760574777874578,0.9423930621640406,0.9332265087575533,0.007369314252635085,0.000605614063322546,0.1323839999968186
wavlm_base_plus_sv,Microsoft — WavLM Base Plus SV,denoise_normalize,False,True,True,2,2185,0.943981327807786,0.012059893912176874,0.9529463850525637,0.945026647752117,0.010486512610030523,0.012042708993431683,0.1380089000449516
wavlm_base_plus_sv,Microsoft — WavLM Base Plus SV,trim_denoise,True,True,False,2,2185,0.9348434707679103,0.011043394277863097,0.942715740263413,0.9354367041957098,0.008276608200406571,0.002904851953555887,0.13568509998731315
wavlm_base_plus_sv,Microsoft — WavLM Base Plus SV,trim_denoise_normalize,True,True,True,2,2185,0.9299151553557239,0.004073703782296722,0.9382965345138023,0.9305819144400929,0.0010168073865713004,-0.0020234634586305256,0.1306195999495685
unispeech_sat_base_plus_sv,Microsoft — UniSpeech-SAT Base Plus SV,raw,False,False,False,2,2185,0.9356804335945228,0.016195832365962184,0.9448796466541656,0.9349293990851246,0.015031806424752176,0.0,0.2080219000345096
unispeech_sat_base_plus_sv,Microsoft — UniSpeech-SAT Base Plus SV,normalize,False,False,True,2,2185,0.932037109682784,0.015012188185364749,0.9414992539033356,0.9315112352914395,0.014189794514306839,-0.0036433239117387717,0.17728645005263388
unispeech_sat_base_plus_sv,Microsoft — UniSpeech-SAT Base Plus SV,trim,True,False,False,2,2185,0.9276356156391763,0.0034958104041883016,0.9388801131952769,0.9294884829335541,0.0006466871971003518,-0.008044817955346395,0.17610954999690875
unispeech_sat_base_plus_sv,Microsoft — UniSpeech-SAT Base Plus SV,denoise,False,True,False,2,2185,0.9290387961817395,0.001511413450437436,0.9355178338746577,0.9284788615924087,0.0004425588940649459,-0.00664163741278323,0.19168875005561858
unispeech_sat_base_plus_sv,Microsoft — UniSpeech-SAT Base Plus SV,trim_normalize,True,False,True,2,2185,0.9262521332702992,0.004185133479819187,0.9375939488423968,0.928697402791676,0.0005413068138347796,-0.009428300324223537,0.1948139499872923
unispeech_sat_base_plus_sv,Microsoft — UniSpeech-SAT Base Plus SV,denoise_normalize,False,True,True,2,2185,0.9308900053981378,0.00016062472355626194,0.937076539668382,0.9304741875163517,0.001214484158522691,-0.004790428196384922,0.17109460005303845
unispeech_sat_base_plus_sv,Microsoft — UniSpeech-SAT Base Plus SV,trim_denoise,True,True,False,2,2185,0.9253954722700007,0.00032776926983999946,0.9321175658012267,0.9243806814359827,0.0024542115730975408,-0.010284961324522002,0.19407600001432002
unispeech_sat_base_plus_sv,Microsoft — UniSpeech-SAT Base Plus SV,trim_denoise_normalize,True,True,True,2,2185,0.9245388112697024,0.0035295949401392664,0.9314526019629433,0.9242480025493812,0.006745976749218647,-0.01114162232482041,0.20474765001563355
