fold,sample_index,clip_id,source_group,true_label,predicted_label,correct,prediction_score,score_type
5,4,1272-128104-0004,1272/128104,LibriSpeech_1272,LibriSpeech_1272,1,39.32573969932308,maximum_decision_score
5,5,1272-128104-0005,1272/128104,LibriSpeech_1272,LibriSpeech_1272,1,39.325547655662255,maximum_decision_score
5,10,1272-128104-0010,1272/128104,LibriSpeech_1272,LibriSpeech_1272,1,39.326591963364336,maximum_decision_score
5,15,1272-135031-0000,1272/135031,LibriSpeech_1272,LibriSpeech_1272,1,39.326316473622406,maximum_decision_score
5,21,1272-135031-0006,1272/135031,LibriSpeech_1272,LibriSpeech_1272,1,39.32730117179079,maximum_decision_score
5,27,1272-135031-0012,1272/135031,LibriSpeech_1272,LibriSpeech_1272,1,39.32765596184508,maximum_decision_score
5,32,1272-135031-0017,1272/135031,LibriSpeech_1272,LibriSpeech_1272,1,39.327131369614335,maximum_decision_score
5,38,1272-135031-0023,1272/135031,LibriSpeech_1272,LibriSpeech_1272,1,39.32723506799459,maximum_decision_score
5,42,1272-141231-0002,1272/141231,LibriSpeech_1272,LibriSpeech_1272,1,39.325781972874836,maximum_decision_score
5,44,1272-141231-0004,1272/141231,LibriSpeech_1272,LibriSpeech_1272,1,39.326997628683294,maximum_decision_score
5,46,1272-141231-0006,1272/141231,LibriSpeech_1272,LibriSpeech_1272,1,39.32536656377389,maximum_decision_score
5,47,1272-141231-0007,1272/141231,LibriSpeech_1272,LibriSpeech_1272,1,39.326668717549,maximum_decision_score
5,48,1272-141231-0008,1272/141231,LibriSpeech_1272,LibriSpeech_1272,1,39.32700438490786,maximum_decision_score
5,66,1272-141231-0026,1272/141231,LibriSpeech_1272,LibriSpeech_1272,1,39.32602829085834,maximum_decision_score
5,75,1462-170138-0002,1462/170138,LibriSpeech_1462,LibriSpeech_1462,1,39.32499220791021,maximum_decision_score
5,90,1462-170138-0017,1462/170138,LibriSpeech_1462,LibriSpeech_1462,1,39.326100783653395,maximum_decision_score
5,96,1462-170138-0023,1462/170138,LibriSpeech_1462,LibriSpeech_1462,1,39.32612051244458,maximum_decision_score
5,98,1462-170138-0025,1462/170138,LibriSpeech_1462,LibriSpeech_1462,1,39.32316769099128,maximum_decision_score
5,99,1462-170138-0026,1462/170138,LibriSpeech_1462,LibriSpeech_1462,1,39.325395494138675,maximum_decision_score
5,107,1462-170142-0006,1462/170142,LibriSpeech_1462,LibriSpeech_1462,1,39.32722907772672,maximum_decision_score
5,111,1462-170142-0010,1462/170142,LibriSpeech_1462,LibriSpeech_1462,1,39.32628658937682,maximum_decision_score
5,116,1462-170142-0015,1462/170142,LibriSpeech_1462,LibriSpeech_1462,1,39.32675872361072,maximum_decision_score
5,118,1462-170142-0017,1462/170142,LibriSpeech_1462,LibriSpeech_1462,1,39.327818013092944,maximum_decision_score
5,123,1462-170142-0022,1462/170142,LibriSpeech_1462,LibriSpeech_1462,1,39.32807396659831,maximum_decision_score
5,126,1462-170142-0025,1462/170142,LibriSpeech_1462,LibriSpeech_1462,1,39.32748807864836,maximum_decision_score
5,144,1462-170145-0000,1462/170145,LibriSpeech_1462,LibriSpeech_1462,1,39.32563674196868,maximum_decision_score
5,145,1462-170145-0001,1462/170145,LibriSpeech_1462,LibriSpeech_1462,1,39.32656785788385,maximum_decision_score
5,147,1462-170145-0003,1462/170145,LibriSpeech_1462,LibriSpeech_1462,1,39.3264927613562,maximum_decision_score
5,149,1462-170145-0005,1462/170145,LibriSpeech_1462,LibriSpeech_1462,1,39.325630546179326,maximum_decision_score
5,155,1462-170145-0011,1462/170145,LibriSpeech_1462,LibriSpeech_1462,1,39.325571120786904,maximum_decision_score
5,156,1462-170145-0012,1462/170145,LibriSpeech_1462,LibriSpeech_1462,1,39.32728645133376,maximum_decision_score
5,159,1462-170145-0015,1462/170145,LibriSpeech_1462,LibriSpeech_1462,1,39.326864094929384,maximum_decision_score
5,165,1462-170145-0021,1462/170145,LibriSpeech_1462,LibriSpeech_1462,1,39.32696848778371,maximum_decision_score
5,167,1673-143396-0000,1673/143396,LibriSpeech_1673,LibriSpeech_1673,1,39.324920079325466,maximum_decision_score
5,173,1673-143396-0006,1673/143396,LibriSpeech_1673,LibriSpeech_1673,1,39.326733805791456,maximum_decision_score
5,178,1673-143396-0011,1673/143396,LibriSpeech_1673,LibriSpeech_1673,1,39.32621751254945,maximum_decision_score
5,181,1673-143396-0014,1673/143396,LibriSpeech_1673,LibriSpeech_1673,1,39.32634966675519,maximum_decision_score
5,188,1673-143397-0000,1673/143397,LibriSpeech_1673,LibriSpeech_1673,1,39.32545306915662,maximum_decision_score
5,194,1673-143397-0006,1673/143397,LibriSpeech_1673,LibriSpeech_1673,1,39.325957425922795,maximum_decision_score
5,200,1673-143397-0012,1673/143397,LibriSpeech_1673,LibriSpeech_1673,1,39.32530507920843,maximum_decision_score
5,206,1673-143397-0018,1673/143397,LibriSpeech_1673,LibriSpeech_1673,1,39.32487315708924,maximum_decision_score
5,210,174-168635-0001,174/168635,LibriSpeech_174,LibriSpeech_174,1,39.3258426970038,maximum_decision_score
5,215,174-168635-0006,174/168635,LibriSpeech_174,LibriSpeech_174,1,39.326548329203746,maximum_decision_score
5,218,174-168635-0009,174/168635,LibriSpeech_174,LibriSpeech_174,1,39.327367991193725,maximum_decision_score
5,221,174-168635-0012,174/168635,LibriSpeech_174,LibriSpeech_174,1,39.32673740404969,maximum_decision_score
5,224,174-168635-0015,174/168635,LibriSpeech_174,LibriSpeech_174,1,39.326320149987744,maximum_decision_score
5,225,174-168635-0016,174/168635,LibriSpeech_174,LibriSpeech_174,1,39.32689598588469,maximum_decision_score
5,231,174-168635-0022,174/168635,LibriSpeech_174,LibriSpeech_174,1,39.32677172129809,maximum_decision_score
5,233,174-50561-0001,174/50561,LibriSpeech_174,LibriSpeech_174,1,39.32657914850174,maximum_decision_score
5,241,174-50561-0009,174/50561,LibriSpeech_174,LibriSpeech_174,1,39.32720279277705,maximum_decision_score
5,249,174-50561-0017,174/50561,LibriSpeech_174,LibriSpeech_174,1,39.3261995796766,maximum_decision_score
5,257,174-84280-0005,174/84280,LibriSpeech_174,LibriSpeech_174,1,39.327101990101866,maximum_decision_score
5,258,174-84280-0006,174/84280,LibriSpeech_174,LibriSpeech_174,1,39.32696889297086,maximum_decision_score
5,268,1919-142785-0000,1919/142785,LibriSpeech_1919,LibriSpeech_1919,1,39.32660079779273,maximum_decision_score
5,275,1919-142785-0007,1919/142785,LibriSpeech_1919,LibriSpeech_1919,1,39.32603029395891,maximum_decision_score
5,278,1919-142785-0010,1919/142785,LibriSpeech_1919,LibriSpeech_1919,1,39.32680147414994,maximum_decision_score
5,283,1919-142785-0015,1919/142785,LibriSpeech_1919,LibriSpeech_1919,1,39.326731224797044,maximum_decision_score
5,291,1919-142785-0023,1919/142785,LibriSpeech_1919,LibriSpeech_1919,1,39.3254528045973,maximum_decision_score
5,292,1919-142785-0024,1919/142785,LibriSpeech_1919,LibriSpeech_1919,1,39.32579856661553,maximum_decision_score
5,294,1919-142785-0026,1919/142785,LibriSpeech_1919,LibriSpeech_1919,1,39.32616728705848,maximum_decision_score
5,308,1919-142785-0040,1919/142785,LibriSpeech_1919,LibriSpeech_1919,1,39.3252519539451,maximum_decision_score
5,311,1919-142785-0043,1919/142785,LibriSpeech_1919,LibriSpeech_1919,1,39.32634171335821,maximum_decision_score
5,313,1919-142785-0045,1919/142785,LibriSpeech_1919,LibriSpeech_1919,1,39.32573708497597,maximum_decision_score
5,319,1919-142785-0051,1919/142785,LibriSpeech_1919,LibriSpeech_1919,1,39.32636879110299,maximum_decision_score
5,325,1919-142785-0057,1919/142785,LibriSpeech_1919,LibriSpeech_1919,1,39.3268042519374,maximum_decision_score
5,331,1919-142785-0063,1919/142785,LibriSpeech_1919,LibriSpeech_1919,1,39.32656356961448,maximum_decision_score
5,335,1988-147956-0003,1988/147956,LibriSpeech_1988,LibriSpeech_1988,1,39.32443211233133,maximum_decision_score
5,340,1988-147956-0008,1988/147956,LibriSpeech_1988,LibriSpeech_1988,1,39.32666181190418,maximum_decision_score
5,358,1988-147956-0026,1988/147956,LibriSpeech_1988,LibriSpeech_1988,1,39.32721261123297,maximum_decision_score
5,359,1988-147956-0027,1988/147956,LibriSpeech_1988,LibriSpeech_1988,1,39.326842318718214,maximum_decision_score
5,362,1988-148538-0000,1988/148538,LibriSpeech_1988,LibriSpeech_1988,1,39.32578164630123,maximum_decision_score
5,368,1988-148538-0006,1988/148538,LibriSpeech_1988,LibriSpeech_1988,1,39.32507661424357,maximum_decision_score
5,369,1988-148538-0007,1988/148538,LibriSpeech_1988,LibriSpeech_1988,1,39.32531286032329,maximum_decision_score
5,372,1988-148538-0010,1988/148538,LibriSpeech_1988,LibriSpeech_1988,1,39.32644533940911,maximum_decision_score
5,383,1988-24833-0005,1988/24833,LibriSpeech_1988,LibriSpeech_1988,1,39.32607566586257,maximum_decision_score
5,389,1988-24833-0011,1988/24833,LibriSpeech_1988,LibriSpeech_1988,1,39.32729067298282,maximum_decision_score
5,390,1988-24833-0012,1988/24833,LibriSpeech_1988,LibriSpeech_1988,1,39.32719149108561,maximum_decision_score
5,395,1988-24833-0017,1988/24833,LibriSpeech_1988,LibriSpeech_1988,1,39.32752084370884,maximum_decision_score
5,396,1988-24833-0018,1988/24833,LibriSpeech_1988,LibriSpeech_1988,1,39.32697517316531,maximum_decision_score
5,400,1988-24833-0022,1988/24833,LibriSpeech_1988,LibriSpeech_1988,1,39.32619196511597,maximum_decision_score
5,402,1988-24833-0024,1988/24833,LibriSpeech_1988,LibriSpeech_1988,1,39.3276412634093,maximum_decision_score
5,413,1993-147149-0006,1993/147149,LibriSpeech_1993,LibriSpeech_1993,1,39.32555582337348,maximum_decision_score
5,416,1993-147149-0009,1993/147149,LibriSpeech_1993,LibriSpeech_1993,1,39.326646348523,maximum_decision_score
5,417,1993-147149-0010,1993/147149,LibriSpeech_1993,LibriSpeech_1993,1,39.32544305183118,maximum_decision_score
5,418,1993-147149-0011,1993/147149,LibriSpeech_1993,LibriSpeech_1993,1,39.326964885190066,maximum_decision_score
5,420,1993-147149-0013,1993/147149,LibriSpeech_1993,LibriSpeech_1993,1,39.32605175285327,maximum_decision_score
5,434,1993-147149-0027,1993/147149,LibriSpeech_1993,LibriSpeech_1993,1,39.325884948821646,maximum_decision_score
5,438,1993-147964-0000,1993/147964,LibriSpeech_1993,LibriSpeech_1993,1,39.32665055774343,maximum_decision_score
5,442,1993-147964-0004,1993/147964,LibriSpeech_1993,LibriSpeech_1993,1,39.32625453787353,maximum_decision_score
5,446,1993-147964-0008,1993/147964,LibriSpeech_1993,LibriSpeech_1993,1,39.326421459648465,maximum_decision_score
5,454,1993-147965-0005,1993/147965,LibriSpeech_1993,LibriSpeech_1993,1,39.325641656288205,maximum_decision_score
5,457,1993-147965-0008,1993/147965,LibriSpeech_1993,LibriSpeech_1993,1,39.32580920238331,maximum_decision_score
5,466,2035-147960-0001,2035/147960,LibriSpeech_2035,LibriSpeech_2035,1,39.327249004821255,maximum_decision_score
5,473,2035-147960-0008,2035/147960,LibriSpeech_2035,LibriSpeech_2035,1,39.32613668880499,maximum_decision_score
5,476,2035-147960-0011,2035/147960,LibriSpeech_2035,LibriSpeech_2035,1,39.32620745361008,maximum_decision_score
5,481,2035-147960-0016,2035/147960,LibriSpeech_2035,LibriSpeech_2035,1,39.325778737024116,maximum_decision_score
5,483,2035-147961-0001,2035/147961,LibriSpeech_2035,LibriSpeech_2035,1,39.326918814129414,maximum_decision_score
5,484,2035-147961-0002,2035/147961,LibriSpeech_2035,LibriSpeech_2035,1,39.32645593406528,maximum_decision_score
5,501,2035-147961-0019,2035/147961,LibriSpeech_2035,LibriSpeech_2035,1,39.32629279358724,maximum_decision_score
5,504,2035-147961-0022,2035/147961,LibriSpeech_2035,LibriSpeech_2035,1,39.32689059031412,maximum_decision_score
5,508,2035-147961-0026,2035/147961,LibriSpeech_2035,LibriSpeech_2035,1,39.32683578148848,maximum_decision_score
5,512,2035-147961-0030,2035/147961,LibriSpeech_2035,LibriSpeech_2035,1,39.326650726307754,maximum_decision_score
5,522,2035-147961-0040,2035/147961,LibriSpeech_2035,LibriSpeech_2035,1,39.32677070969177,maximum_decision_score
5,526,2035-152373-0003,2035/152373,LibriSpeech_2035,LibriSpeech_2035,1,39.32527435544338,maximum_decision_score
5,530,2035-152373-0007,2035/152373,LibriSpeech_2035,LibriSpeech_2035,1,39.326776360825924,maximum_decision_score
5,533,2035-152373-0010,2035/152373,LibriSpeech_2035,LibriSpeech_2035,1,39.32638883126935,maximum_decision_score
5,537,2035-152373-0014,2035/152373,LibriSpeech_2035,LibriSpeech_2035,1,39.326015265549394,maximum_decision_score
5,544,2078-142845-0002,2078/142845,LibriSpeech_2078,LibriSpeech_2078,1,39.32668983202088,maximum_decision_score
5,550,2078-142845-0008,2078/142845,LibriSpeech_2078,LibriSpeech_2078,1,39.3261054046794,maximum_decision_score
5,560,2078-142845-0018,2078/142845,LibriSpeech_2078,LibriSpeech_2078,1,39.3271236572927,maximum_decision_score
5,561,2078-142845-0019,2078/142845,LibriSpeech_2078,LibriSpeech_2078,1,39.32557954401438,maximum_decision_score
5,563,2078-142845-0021,2078/142845,LibriSpeech_2078,LibriSpeech_2078,1,39.32700441471955,maximum_decision_score
5,567,2078-142845-0025,2078/142845,LibriSpeech_2078,LibriSpeech_2078,1,39.32485148032159,maximum_decision_score
5,568,2078-142845-0026,2078/142845,LibriSpeech_2078,LibriSpeech_2078,1,39.32565263016619,maximum_decision_score
5,570,2078-142845-0028,2078/142845,LibriSpeech_2078,LibriSpeech_2078,1,39.326437507507066,maximum_decision_score
5,588,2078-142845-0046,2078/142845,LibriSpeech_2078,LibriSpeech_2078,1,39.32659984731019,maximum_decision_score
5,590,2078-142845-0048,2078/142845,LibriSpeech_2078,LibriSpeech_2078,1,39.32484775648258,maximum_decision_score
5,593,2078-142845-0051,2078/142845,LibriSpeech_2078,LibriSpeech_2078,1,39.32523052479444,maximum_decision_score
5,595,2086-149214-0001,2086/149214,LibriSpeech_2086,LibriSpeech_2086,1,39.326247249342956,maximum_decision_score
5,596,2086-149214-0002,2086/149214,LibriSpeech_2086,LibriSpeech_2086,1,39.32634673665358,maximum_decision_score
5,601,2086-149220-0002,2086/149220,LibriSpeech_2086,LibriSpeech_2086,1,39.32713438432949,maximum_decision_score
5,607,2086-149220-0008,2086/149220,LibriSpeech_2086,LibriSpeech_2086,1,39.32661484167476,maximum_decision_score
5,608,2086-149220-0009,2086/149220,LibriSpeech_2086,LibriSpeech_2086,1,39.32712250140603,maximum_decision_score
5,613,2086-149220-0014,2086/149220,LibriSpeech_2086,LibriSpeech_2086,1,39.3261254980646,maximum_decision_score
5,617,2086-149220-0018,2086/149220,LibriSpeech_2086,LibriSpeech_2086,1,39.32702307056774,maximum_decision_score
5,619,2086-149220-0020,2086/149220,LibriSpeech_2086,LibriSpeech_2086,1,39.32599889547384,maximum_decision_score
5,634,2086-149220-0035,2086/149220,LibriSpeech_2086,LibriSpeech_2086,1,39.32635989682498,maximum_decision_score
5,642,2086-149220-0043,2086/149220,LibriSpeech_2086,LibriSpeech_2086,1,39.32509992513835,maximum_decision_score
5,644,2086-149220-0045,2086/149220,LibriSpeech_2086,LibriSpeech_2086,1,39.326704539695406,maximum_decision_score
5,653,2277-149874-0004,2277/149874,LibriSpeech_2277,LibriSpeech_2277,1,39.325687682802524,maximum_decision_score
5,655,2277-149874-0006,2277/149874,LibriSpeech_2277,LibriSpeech_2277,1,39.32630112981644,maximum_decision_score
5,660,2277-149874-0011,2277/149874,LibriSpeech_2277,LibriSpeech_2277,1,39.32538237407597,maximum_decision_score
5,666,2277-149874-0017,2277/149874,LibriSpeech_2277,LibriSpeech_2277,1,39.326688024410736,maximum_decision_score
5,671,2277-149896-0000,2277/149896,LibriSpeech_2277,LibriSpeech_2277,1,39.32656510334044,maximum_decision_score
5,686,2277-149896-0015,2277/149896,LibriSpeech_2277,LibriSpeech_2277,1,39.3269800492023,maximum_decision_score
5,692,2277-149896-0021,2277/149896,LibriSpeech_2277,LibriSpeech_2277,1,39.32601350874923,maximum_decision_score
5,705,2277-149896-0034,2277/149896,LibriSpeech_2277,LibriSpeech_2277,1,39.32740687542419,maximum_decision_score
5,711,2277-149897-0005,2277/149897,LibriSpeech_2277,LibriSpeech_2277,1,39.327485849293815,maximum_decision_score
5,717,2277-149897-0011,2277/149897,LibriSpeech_2277,LibriSpeech_2277,1,39.32579207442486,maximum_decision_score
5,719,2277-149897-0013,2277/149897,LibriSpeech_2277,LibriSpeech_2277,1,39.326934215979364,maximum_decision_score
5,721,2277-149897-0015,2277/149897,LibriSpeech_2277,LibriSpeech_2277,1,39.326113767006255,maximum_decision_score
5,723,2277-149897-0017,2277/149897,LibriSpeech_2277,LibriSpeech_2277,1,39.327229236517574,maximum_decision_score
5,724,2277-149897-0018,2277/149897,LibriSpeech_2277,LibriSpeech_2277,1,39.32738932768723,maximum_decision_score
5,725,2277-149897-0019,2277/149897,LibriSpeech_2277,LibriSpeech_2277,1,39.327459607444545,maximum_decision_score
5,726,2277-149897-0020,2277/149897,LibriSpeech_2277,LibriSpeech_2277,1,39.327135455289195,maximum_decision_score
5,730,2277-149897-0024,2277/149897,LibriSpeech_2277,LibriSpeech_2277,1,39.326956027148974,maximum_decision_score
5,738,2277-149897-0032,2277/149897,LibriSpeech_2277,LibriSpeech_2277,1,39.3275173099028,maximum_decision_score
5,739,2277-149897-0033,2277/149897,LibriSpeech_2277,LibriSpeech_2277,1,39.326608702290635,maximum_decision_score
5,744,2412-153947-0000,2412/153947,LibriSpeech_2412,LibriSpeech_2412,1,39.324843424360765,maximum_decision_score
5,757,2412-153947-0013,2412/153947,LibriSpeech_2412,LibriSpeech_2412,1,39.325907547100456,maximum_decision_score
5,761,2412-153948-0000,2412/153948,LibriSpeech_2412,LibriSpeech_2412,1,39.32603838372137,maximum_decision_score
5,765,2412-153948-0004,2412/153948,LibriSpeech_2412,LibriSpeech_2412,1,39.32645884701631,maximum_decision_score
5,767,2412-153948-0006,2412/153948,LibriSpeech_2412,LibriSpeech_2412,1,39.325619919957276,maximum_decision_score
5,771,2412-153948-0010,2412/153948,LibriSpeech_2412,LibriSpeech_2412,1,39.324537249179585,maximum_decision_score
5,773,2412-153948-0012,2412/153948,LibriSpeech_2412,LibriSpeech_2412,1,39.32642930627725,maximum_decision_score
5,781,2412-153954-0004,2412/153954,LibriSpeech_2412,LibriSpeech_2412,1,39.326090127501324,maximum_decision_score
5,782,2412-153954-0005,2412/153954,LibriSpeech_2412,LibriSpeech_2412,1,39.32636739935271,maximum_decision_score
5,791,2412-153954-0014,2412/153954,LibriSpeech_2412,LibriSpeech_2412,1,39.32657769019,maximum_decision_score
5,792,2412-153954-0015,2412/153954,LibriSpeech_2412,LibriSpeech_2412,1,39.32724422386578,maximum_decision_score
5,804,2428-83699-0002,2428/83699,LibriSpeech_2428,LibriSpeech_2428,1,39.32732610847541,maximum_decision_score
5,807,2428-83699-0005,2428/83699,LibriSpeech_2428,LibriSpeech_2428,1,39.32679128645473,maximum_decision_score
5,809,2428-83699-0007,2428/83699,LibriSpeech_2428,LibriSpeech_2428,1,39.32676533584414,maximum_decision_score
5,810,2428-83699-0008,2428/83699,LibriSpeech_2428,LibriSpeech_2428,1,39.32731202897796,maximum_decision_score
5,819,2428-83699-0017,2428/83699,LibriSpeech_2428,LibriSpeech_2428,1,39.326812502534615,maximum_decision_score
5,827,2428-83699-0025,2428/83699,LibriSpeech_2428,LibriSpeech_2428,1,39.32682834675841,maximum_decision_score
5,829,2428-83699-0027,2428/83699,LibriSpeech_2428,LibriSpeech_2428,1,39.32739694802398,maximum_decision_score
5,830,2428-83699-0028,2428/83699,LibriSpeech_2428,LibriSpeech_2428,1,39.326434525629125,maximum_decision_score
5,835,2428-83699-0033,2428/83699,LibriSpeech_2428,LibriSpeech_2428,1,39.32730538276645,maximum_decision_score
5,857,2428-83705-0012,2428/83705,LibriSpeech_2428,LibriSpeech_2428,1,39.325280678946925,maximum_decision_score
5,859,2428-83705-0014,2428/83705,LibriSpeech_2428,LibriSpeech_2428,1,39.326795169669346,maximum_decision_score
5,860,2428-83705-0015,2428/83705,LibriSpeech_2428,LibriSpeech_2428,1,39.32663764989041,maximum_decision_score
5,864,2428-83705-0019,2428/83705,LibriSpeech_2428,LibriSpeech_2428,1,39.32647792911384,maximum_decision_score
5,868,2428-83705-0023,2428/83705,LibriSpeech_2428,LibriSpeech_2428,1,39.32564767827888,maximum_decision_score
5,871,2428-83705-0026,2428/83705,LibriSpeech_2428,LibriSpeech_2428,1,39.326374209021445,maximum_decision_score
5,873,2428-83705-0028,2428/83705,LibriSpeech_2428,LibriSpeech_2428,1,39.32617593628009,maximum_decision_score
5,879,2428-83705-0034,2428/83705,LibriSpeech_2428,LibriSpeech_2428,1,39.32661236369114,maximum_decision_score
5,890,251-118436-0001,251/118436,LibriSpeech_251,LibriSpeech_251,1,39.32648922193778,maximum_decision_score
5,899,251-118436-0010,251/118436,LibriSpeech_251,LibriSpeech_251,1,39.32673606533248,maximum_decision_score
5,900,251-118436-0011,251/118436,LibriSpeech_251,LibriSpeech_251,1,39.32634290617018,maximum_decision_score
5,903,251-118436-0014,251/118436,LibriSpeech_251,LibriSpeech_251,1,39.326816405717146,maximum_decision_score
5,915,251-136532-0002,251/136532,LibriSpeech_251,LibriSpeech_251,1,39.326304783049956,maximum_decision_score
5,916,251-136532-0003,251/136532,LibriSpeech_251,LibriSpeech_251,1,39.3255086761295,maximum_decision_score
5,917,251-136532-0004,251/136532,LibriSpeech_251,LibriSpeech_251,1,39.32515645378008,maximum_decision_score
5,922,251-136532-0009,251/136532,LibriSpeech_251,LibriSpeech_251,1,39.32551074686881,maximum_decision_score
5,932,251-136532-0019,251/136532,LibriSpeech_251,LibriSpeech_251,1,39.32615885620635,maximum_decision_score
5,933,251-136532-0020,251/136532,LibriSpeech_251,LibriSpeech_251,1,39.326543628993775,maximum_decision_score
5,934,251-136532-0021,251/136532,LibriSpeech_251,LibriSpeech_251,1,39.32642876464348,maximum_decision_score
5,937,251-137823-0000,251/137823,LibriSpeech_251,LibriSpeech_251,1,39.32368647074284,maximum_decision_score
5,947,251-137823-0010,251/137823,LibriSpeech_251,LibriSpeech_251,1,39.326400418264,maximum_decision_score
5,948,251-137823-0011,251/137823,LibriSpeech_251,LibriSpeech_251,1,39.32622124365162,maximum_decision_score
5,949,251-137823-0012,251/137823,LibriSpeech_251,LibriSpeech_251,1,39.32628802893297,maximum_decision_score
5,974,2803-154320-0010,2803/154320,LibriSpeech_2803,LibriSpeech_2803,1,39.32520120248439,maximum_decision_score
5,976,2803-154320-0012,2803/154320,LibriSpeech_2803,LibriSpeech_2803,1,39.325479414500144,maximum_decision_score
5,981,2803-154328-0002,2803/154328,LibriSpeech_2803,LibriSpeech_2803,1,39.32640071248037,maximum_decision_score
5,983,2803-154328-0004,2803/154328,LibriSpeech_2803,LibriSpeech_2803,1,39.32646841963864,maximum_decision_score
5,986,2803-154328-0007,2803/154328,LibriSpeech_2803,LibriSpeech_2803,1,39.32548336182834,maximum_decision_score
5,992,2803-154328-0013,2803/154328,LibriSpeech_2803,LibriSpeech_2803,1,39.324937685439764,maximum_decision_score
5,994,2803-154328-0015,2803/154328,LibriSpeech_2803,LibriSpeech_2803,1,39.32653296961121,maximum_decision_score
5,997,2803-154328-0018,2803/154328,LibriSpeech_2803,LibriSpeech_2803,1,39.32604203337798,maximum_decision_score
5,999,2803-154328-0020,2803/154328,LibriSpeech_2803,LibriSpeech_2803,1,39.32604162954979,maximum_decision_score
5,1000,2803-154328-0021,2803/154328,LibriSpeech_2803,LibriSpeech_2803,1,39.32729882227518,maximum_decision_score
5,1011,2803-161169-0008,2803/161169,LibriSpeech_2803,LibriSpeech_2803,1,39.32607164505327,maximum_decision_score
5,1016,2803-161169-0013,2803/161169,LibriSpeech_2803,LibriSpeech_2803,1,39.32446047287637,maximum_decision_score
5,1022,2902-9006-0001,2902/9006,LibriSpeech_2902,LibriSpeech_2902,1,39.3260862731757,maximum_decision_score
5,1023,2902-9006-0002,2902/9006,LibriSpeech_2902,LibriSpeech_2902,1,39.32575117689935,maximum_decision_score
5,1024,2902-9006-0003,2902/9006,LibriSpeech_2902,LibriSpeech_2902,1,39.326589985009036,maximum_decision_score
5,1026,2902-9006-0005,2902/9006,LibriSpeech_2902,LibriSpeech_2902,1,39.32583821489409,maximum_decision_score
5,1035,2902-9006-0014,2902/9006,LibriSpeech_2902,LibriSpeech_2902,1,39.32603329643093,maximum_decision_score
5,1047,2902-9008-0005,2902/9008,LibriSpeech_2902,LibriSpeech_2902,1,39.32698794686711,maximum_decision_score
5,1048,2902-9008-0006,2902/9008,LibriSpeech_2902,LibriSpeech_2902,1,39.32419348317012,maximum_decision_score
5,1063,3000-15664-0004,3000/15664,LibriSpeech_3000,LibriSpeech_3000,1,39.324514984549666,maximum_decision_score
5,1067,3000-15664-0008,3000/15664,LibriSpeech_3000,LibriSpeech_3000,1,39.325983195611066,maximum_decision_score
5,1072,3000-15664-0013,3000/15664,LibriSpeech_3000,LibriSpeech_3000,1,39.32592670981249,maximum_decision_score
5,1076,3000-15664-0017,3000/15664,LibriSpeech_3000,LibriSpeech_3000,1,39.32553492307148,maximum_decision_score
5,1078,3000-15664-0019,3000/15664,LibriSpeech_3000,LibriSpeech_3000,1,39.326770253693624,maximum_decision_score
5,1079,3000-15664-0020,3000/15664,LibriSpeech_3000,LibriSpeech_3000,1,39.32613913360406,maximum_decision_score
5,1096,3000-15664-0037,3000/15664,LibriSpeech_3000,LibriSpeech_3000,1,39.32479403345761,maximum_decision_score
5,1097,3000-15664-0038,3000/15664,LibriSpeech_3000,LibriSpeech_3000,1,39.32625070223465,maximum_decision_score
5,1098,3000-15664-0039,3000/15664,LibriSpeech_3000,LibriSpeech_3000,1,39.325690082351365,maximum_decision_score
5,1111,3081-166546-0005,3081/166546,LibriSpeech_3081,LibriSpeech_3081,1,39.32726135622921,maximum_decision_score
5,1113,3081-166546-0007,3081/166546,LibriSpeech_3081,LibriSpeech_3081,1,39.326377179040996,maximum_decision_score
5,1118,3081-166546-0012,3081/166546,LibriSpeech_3081,LibriSpeech_3081,1,39.3262463123624,maximum_decision_score
5,1119,3081-166546-0013,3081/166546,LibriSpeech_3081,LibriSpeech_3081,1,39.327150883218636,maximum_decision_score
5,1133,3081-166546-0027,3081/166546,LibriSpeech_3081,LibriSpeech_3081,1,39.326701674372224,maximum_decision_score
5,1134,3081-166546-0028,3081/166546,LibriSpeech_3081,LibriSpeech_3081,1,39.32635931651144,maximum_decision_score
5,1135,3081-166546-0029,3081/166546,LibriSpeech_3081,LibriSpeech_3081,1,39.32668434398108,maximum_decision_score
5,1142,3081-166546-0036,3081/166546,LibriSpeech_3081,LibriSpeech_3081,1,39.32476484926498,maximum_decision_score
5,1144,3081-166546-0038,3081/166546,LibriSpeech_3081,LibriSpeech_3081,1,39.325680700988734,maximum_decision_score
5,1145,3081-166546-0039,3081/166546,LibriSpeech_3081,LibriSpeech_3081,1,39.32780500373207,maximum_decision_score
5,1147,3081-166546-0041,3081/166546,LibriSpeech_3081,LibriSpeech_3081,1,39.327906102606114,maximum_decision_score
5,1150,3081-166546-0044,3081/166546,LibriSpeech_3081,LibriSpeech_3081,1,39.327232930633635,maximum_decision_score
5,1156,3081-166546-0050,3081/166546,LibriSpeech_3081,LibriSpeech_3081,1,39.32751652480065,maximum_decision_score
5,1158,3081-166546-0052,3081/166546,LibriSpeech_3081,LibriSpeech_3081,1,39.3251388594283,maximum_decision_score
5,1160,3081-166546-0054,3081/166546,LibriSpeech_3081,LibriSpeech_3081,1,39.32498847715709,maximum_decision_score
5,1162,3081-166546-0056,3081/166546,LibriSpeech_3081,LibriSpeech_3081,1,39.32546849331774,maximum_decision_score
5,1165,3081-166546-0059,3081/166546,LibriSpeech_3081,LibriSpeech_3081,1,39.32712358146119,maximum_decision_score
5,1177,3081-166546-0071,3081/166546,LibriSpeech_3081,LibriSpeech_3081,1,39.32774279477444,maximum_decision_score
5,1205,3170-137482-0009,3170/137482,LibriSpeech_3170,LibriSpeech_3170,1,39.32616111062565,maximum_decision_score
5,1213,3170-137482-0017,3170/137482,LibriSpeech_3170,LibriSpeech_3170,1,39.326205310495055,maximum_decision_score
5,1216,3170-137482-0020,3170/137482,LibriSpeech_3170,LibriSpeech_3170,1,39.32651665996232,maximum_decision_score
5,1218,3170-137482-0022,3170/137482,LibriSpeech_3170,LibriSpeech_3170,1,39.326530183437896,maximum_decision_score
5,1224,3170-137482-0028,3170/137482,LibriSpeech_3170,LibriSpeech_3170,1,39.325768562393876,maximum_decision_score
5,1225,3170-137482-0029,3170/137482,LibriSpeech_3170,LibriSpeech_3170,1,39.32343930588924,maximum_decision_score
5,1228,3170-137482-0032,3170/137482,LibriSpeech_3170,LibriSpeech_3170,1,39.325453783123116,maximum_decision_score
5,1232,3170-137482-0036,3170/137482,LibriSpeech_3170,LibriSpeech_3170,1,39.3263657839207,maximum_decision_score
5,1239,3170-137482-0043,3170/137482,LibriSpeech_3170,LibriSpeech_3170,1,39.32561036940509,maximum_decision_score
5,1244,3170-137482-0048,3170/137482,LibriSpeech_3170,LibriSpeech_3170,1,39.32593898174769,maximum_decision_score
5,1246,3536-23268-0001,3536/23268,LibriSpeech_3536,LibriSpeech_3536,1,39.32676651490817,maximum_decision_score
5,1250,3536-23268-0005,3536/23268,LibriSpeech_3536,LibriSpeech_3536,1,39.32585494412306,maximum_decision_score
5,1264,3536-23268-0019,3536/23268,LibriSpeech_3536,LibriSpeech_3536,1,39.3253185508484,maximum_decision_score
5,1267,3536-23268-0022,3536/23268,LibriSpeech_3536,LibriSpeech_3536,1,39.326903019091446,maximum_decision_score
5,1278,3536-8226-0002,3536/8226,LibriSpeech_3536,LibriSpeech_3536,1,39.32602082186262,maximum_decision_score
5,1279,3536-8226-0003,3536/8226,LibriSpeech_3536,LibriSpeech_3536,1,39.326959494030916,maximum_decision_score
5,1280,3536-8226-0004,3536/8226,LibriSpeech_3536,LibriSpeech_3536,1,39.325816137611945,maximum_decision_score
5,1286,3536-8226-0010,3536/8226,LibriSpeech_3536,LibriSpeech_3536,1,39.32577268672666,maximum_decision_score
5,1291,3536-8226-0015,3536/8226,LibriSpeech_3536,LibriSpeech_3536,1,39.32638299715709,maximum_decision_score
5,1292,3536-8226-0016,3536/8226,LibriSpeech_3536,LibriSpeech_3536,1,39.32549551362173,maximum_decision_score
5,1294,3536-8226-0018,3536/8226,LibriSpeech_3536,LibriSpeech_3536,1,39.32658633042065,maximum_decision_score
5,1302,3536-8226-0026,3536/8226,LibriSpeech_3536,LibriSpeech_3536,1,39.326182081947174,maximum_decision_score
5,1305,3536-8226-0029,3536/8226,LibriSpeech_3536,LibriSpeech_3536,1,39.321685705043166,maximum_decision_score
5,1320,3576-138058-0011,3576/138058,LibriSpeech_3576,LibriSpeech_3576,1,39.32594534797605,maximum_decision_score
5,1329,3576-138058-0020,3576/138058,LibriSpeech_3576,LibriSpeech_3576,1,39.32659833664969,maximum_decision_score
5,1330,3576-138058-0021,3576/138058,LibriSpeech_3576,LibriSpeech_3576,1,39.32617350914612,maximum_decision_score
5,1335,3576-138058-0026,3576/138058,LibriSpeech_3576,LibriSpeech_3576,1,39.32612435159208,maximum_decision_score
5,1337,3576-138058-0028,3576/138058,LibriSpeech_3576,LibriSpeech_3576,1,39.32628308523725,maximum_decision_score
5,1339,3576-138058-0030,3576/138058,LibriSpeech_3576,LibriSpeech_3576,1,39.32682440588858,maximum_decision_score
5,1343,3576-138058-0034,3576/138058,LibriSpeech_3576,LibriSpeech_3576,1,39.32637591437542,maximum_decision_score
5,1346,3576-138058-0037,3576/138058,LibriSpeech_3576,LibriSpeech_3576,1,39.325384178612396,maximum_decision_score
5,1361,3752-4943-0011,3752/4943,LibriSpeech_3752,LibriSpeech_3752,1,39.32606491150007,maximum_decision_score
5,1362,3752-4943-0012,3752/4943,LibriSpeech_3752,LibriSpeech_3752,1,39.325748955936156,maximum_decision_score
5,1363,3752-4943-0013,3752/4943,LibriSpeech_3752,LibriSpeech_3752,1,39.32484951253737,maximum_decision_score
5,1379,3752-4943-0029,3752/4943,LibriSpeech_3752,LibriSpeech_3752,1,39.32657179338963,maximum_decision_score
5,1380,3752-4943-0030,3752/4943,LibriSpeech_3752,LibriSpeech_3752,1,39.326877653182905,maximum_decision_score
5,1388,3752-4944-0007,3752/4944,LibriSpeech_3752,LibriSpeech_3752,1,39.32758450036345,maximum_decision_score
5,1391,3752-4944-0010,3752/4944,LibriSpeech_3752,LibriSpeech_3752,1,39.326838894931626,maximum_decision_score
5,1393,3752-4944-0012,3752/4944,LibriSpeech_3752,LibriSpeech_3752,1,39.326645979910666,maximum_decision_score
5,1395,3752-4944-0014,3752/4944,LibriSpeech_3752,LibriSpeech_3752,1,39.32656911250343,maximum_decision_score
5,1398,3752-4944-0017,3752/4944,LibriSpeech_3752,LibriSpeech_3752,1,39.32611372761234,maximum_decision_score
5,1404,3752-4944-0023,3752/4944,LibriSpeech_3752,LibriSpeech_3752,1,39.32701992676373,maximum_decision_score
5,1410,3752-4944-0029,3752/4944,LibriSpeech_3752,LibriSpeech_3752,1,39.327235400921055,maximum_decision_score
5,1422,3752-4944-0041,3752/4944,LibriSpeech_3752,LibriSpeech_3752,1,39.32556051814618,maximum_decision_score
5,1425,3752-4944-0044,3752/4944,LibriSpeech_3752,LibriSpeech_3752,1,39.327150996667946,maximum_decision_score
5,1427,3752-4944-0046,3752/4944,LibriSpeech_3752,LibriSpeech_3752,1,39.32621497039724,maximum_decision_score
5,1430,3752-4944-0049,3752/4944,LibriSpeech_3752,LibriSpeech_3752,1,39.32638901624501,maximum_decision_score
5,1434,3752-4944-0053,3752/4944,LibriSpeech_3752,LibriSpeech_3752,1,39.3265214197362,maximum_decision_score
5,1435,3752-4944-0054,3752/4944,LibriSpeech_3752,LibriSpeech_3752,1,39.32645972438109,maximum_decision_score
5,1444,3752-4944-0063,3752/4944,LibriSpeech_3752,LibriSpeech_3752,1,39.32697933382202,maximum_decision_score
5,1450,3752-4944-0069,3752/4944,LibriSpeech_3752,LibriSpeech_3752,1,39.326506379802595,maximum_decision_score
5,1451,3853-163249-0000,3853/163249,LibriSpeech_3853,LibriSpeech_3853,1,39.327154136661925,maximum_decision_score
5,1456,3853-163249-0005,3853/163249,LibriSpeech_3853,LibriSpeech_3853,1,39.3273047190853,maximum_decision_score
5,1462,3853-163249-0011,3853/163249,LibriSpeech_3853,LibriSpeech_3853,1,39.324943577636674,maximum_decision_score
5,1463,3853-163249-0012,3853/163249,LibriSpeech_3853,LibriSpeech_3853,1,39.32783381192007,maximum_decision_score
5,1470,3853-163249-0019,3853/163249,LibriSpeech_3853,LibriSpeech_3853,1,39.326242156824335,maximum_decision_score
5,1474,3853-163249-0023,3853/163249,LibriSpeech_3853,LibriSpeech_3853,1,39.32587924702956,maximum_decision_score
5,1481,3853-163249-0030,3853/163249,LibriSpeech_3853,LibriSpeech_3853,1,39.32751970171197,maximum_decision_score
5,1484,3853-163249-0033,3853/163249,LibriSpeech_3853,LibriSpeech_3853,1,39.32608280940149,maximum_decision_score
5,1486,3853-163249-0035,3853/163249,LibriSpeech_3853,LibriSpeech_3853,1,39.32613816191983,maximum_decision_score
5,1490,3853-163249-0039,3853/163249,LibriSpeech_3853,LibriSpeech_3853,1,39.32624737301586,maximum_decision_score
5,1502,3853-163249-0051,3853/163249,LibriSpeech_3853,LibriSpeech_3853,1,39.32655042791069,maximum_decision_score
5,1509,422-122949-0001,422/122949,LibriSpeech_422,LibriSpeech_422,1,39.32545730002144,maximum_decision_score
5,1515,422-122949-0007,422/122949,LibriSpeech_422,LibriSpeech_422,1,39.32621692788769,maximum_decision_score
5,1522,422-122949-0014,422/122949,LibriSpeech_422,LibriSpeech_422,1,39.32567925930046,maximum_decision_score
5,1523,422-122949-0015,422/122949,LibriSpeech_422,LibriSpeech_422,1,39.32566105482946,maximum_decision_score
5,1534,422-122949-0026,422/122949,LibriSpeech_422,LibriSpeech_422,1,39.32640536062812,maximum_decision_score
5,1541,422-122949-0033,422/122949,LibriSpeech_422,LibriSpeech_422,1,39.326109504304725,maximum_decision_score
5,1542,422-122949-0034,422/122949,LibriSpeech_422,LibriSpeech_422,1,39.3261610534031,maximum_decision_score
5,1560,5338-24640-0001,5338/24640,LibriSpeech_5338,LibriSpeech_5338,1,39.32500685270802,maximum_decision_score
5,1567,5338-24640-0008,5338/24640,LibriSpeech_5338,LibriSpeech_5338,1,39.325162291329995,maximum_decision_score
5,1570,5338-284437-0001,5338/284437,LibriSpeech_5338,LibriSpeech_5338,1,39.326067676597226,maximum_decision_score
5,1573,5338-284437-0004,5338/284437,LibriSpeech_5338,LibriSpeech_5338,1,39.32663972888757,maximum_decision_score
5,1574,5338-284437-0005,5338/284437,LibriSpeech_5338,LibriSpeech_5338,1,39.32625462022297,maximum_decision_score
5,1578,5338-284437-0009,5338/284437,LibriSpeech_5338,LibriSpeech_5338,1,39.32505031421297,maximum_decision_score
5,1583,5338-284437-0014,5338/284437,LibriSpeech_5338,LibriSpeech_6345,0,39.322859313629955,maximum_decision_score
5,1586,5338-284437-0017,5338/284437,LibriSpeech_5338,LibriSpeech_5338,1,39.32585956539642,maximum_decision_score
5,1595,5338-284437-0026,5338/284437,LibriSpeech_5338,LibriSpeech_5338,1,39.3261255467072,maximum_decision_score
5,1597,5338-284437-0028,5338/284437,LibriSpeech_5338,LibriSpeech_5338,1,39.326338933720706,maximum_decision_score
5,1598,5338-284437-0029,5338/284437,LibriSpeech_5338,LibriSpeech_5338,1,39.32675170200893,maximum_decision_score
5,1602,5338-284437-0033,5338/284437,LibriSpeech_5338,LibriSpeech_5338,1,39.326692629880654,maximum_decision_score
5,1607,5536-43358-0004,5536/43358,LibriSpeech_5536,LibriSpeech_5536,1,39.32601250150097,maximum_decision_score
5,1609,5536-43358-0006,5536/43358,LibriSpeech_5536,LibriSpeech_5536,1,39.32598337587001,maximum_decision_score
5,1616,5536-43358-0013,5536/43358,LibriSpeech_5536,LibriSpeech_5536,1,39.32654588645162,maximum_decision_score
5,1623,5536-43359-0000,5536/43359,LibriSpeech_5536,LibriSpeech_5536,1,39.325857457954726,maximum_decision_score
5,1632,5536-43359-0009,5536/43359,LibriSpeech_5536,LibriSpeech_5536,1,39.32638029604044,maximum_decision_score
5,1633,5536-43359-0010,5536/43359,LibriSpeech_5536,LibriSpeech_5536,1,39.324553061093866,maximum_decision_score
5,1641,5536-43359-0018,5536/43359,LibriSpeech_5536,LibriSpeech_5536,1,39.32639111927605,maximum_decision_score
5,1645,5536-43363-0003,5536/43363,LibriSpeech_5536,LibriSpeech_5536,1,39.32675865689649,maximum_decision_score
5,1649,5536-43363-0007,5536/43363,LibriSpeech_5536,LibriSpeech_5536,1,39.326640207878974,maximum_decision_score
5,1650,5536-43363-0008,5536/43363,LibriSpeech_5536,LibriSpeech_5536,1,39.326520584688936,maximum_decision_score
5,1652,5536-43363-0010,5536/43363,LibriSpeech_5536,LibriSpeech_5536,1,39.32707315607548,maximum_decision_score
5,1662,5694-64025-0000,5694/64025,LibriSpeech_5694,LibriSpeech_5694,1,39.32501477515153,maximum_decision_score
5,1663,5694-64025-0001,5694/64025,LibriSpeech_5694,LibriSpeech_5694,1,39.326647522077984,maximum_decision_score
5,1668,5694-64025-0006,5694/64025,LibriSpeech_5694,LibriSpeech_5694,1,39.32792442438637,maximum_decision_score
5,1678,5694-64025-0016,5694/64025,LibriSpeech_5694,LibriSpeech_5694,1,39.32644175966389,maximum_decision_score
5,1679,5694-64025-0017,5694/64025,LibriSpeech_5694,LibriSpeech_5694,1,39.32789947402094,maximum_decision_score
5,1689,5694-64029-0003,5694/64029,LibriSpeech_5694,LibriSpeech_5694,1,39.326584473251074,maximum_decision_score
5,1694,5694-64029-0008,5694/64029,LibriSpeech_5694,LibriSpeech_5694,1,39.326681497158354,maximum_decision_score
5,1709,5694-64029-0023,5694/64029,LibriSpeech_5694,LibriSpeech_5694,1,39.326397858590376,maximum_decision_score
5,1710,5694-64029-0024,5694/64029,LibriSpeech_5694,LibriSpeech_5694,1,39.326095236039336,maximum_decision_score
5,1713,5694-64029-0027,5694/64029,LibriSpeech_5694,LibriSpeech_5694,1,39.327208514871614,maximum_decision_score
5,1717,5694-64029-0031,5694/64029,LibriSpeech_5694,LibriSpeech_5694,1,39.32652033258125,maximum_decision_score
5,1720,5694-64038-0001,5694/64038,LibriSpeech_5694,LibriSpeech_5694,1,39.32800916083902,maximum_decision_score
5,1725,5694-64038-0006,5694/64038,LibriSpeech_5694,LibriSpeech_5694,1,39.327883529117855,maximum_decision_score
5,1734,5694-64038-0015,5694/64038,LibriSpeech_5694,LibriSpeech_5694,1,39.327113733704934,maximum_decision_score
5,1737,5694-64038-0018,5694/64038,LibriSpeech_5694,LibriSpeech_5694,1,39.3259037955159,maximum_decision_score
5,1743,5694-64038-0024,5694/64038,LibriSpeech_5694,LibriSpeech_5694,1,39.32676392009376,maximum_decision_score
5,1745,5895-34615-0000,5895/34615,LibriSpeech_5895,LibriSpeech_5895,1,39.32727369012357,maximum_decision_score
5,1746,5895-34615-0001,5895/34615,LibriSpeech_5895,LibriSpeech_5895,1,39.326767763971986,maximum_decision_score
5,1748,5895-34615-0003,5895/34615,LibriSpeech_5895,LibriSpeech_5895,1,39.32700550581738,maximum_decision_score
5,1752,5895-34615-0007,5895/34615,LibriSpeech_5895,LibriSpeech_5895,1,39.32729298676873,maximum_decision_score
5,1754,5895-34615-0009,5895/34615,LibriSpeech_5895,LibriSpeech_5895,1,39.32630245124146,maximum_decision_score
5,1764,5895-34615-0019,5895/34615,LibriSpeech_5895,LibriSpeech_5895,1,39.32568293717087,maximum_decision_score
5,1770,5895-34622-0003,5895/34622,LibriSpeech_5895,LibriSpeech_5895,1,39.32613137384371,maximum_decision_score
5,1773,5895-34622-0006,5895/34622,LibriSpeech_5895,LibriSpeech_5895,1,39.327091088142424,maximum_decision_score
5,1777,5895-34622-0010,5895/34622,LibriSpeech_5895,LibriSpeech_7850,0,39.32599304129259,maximum_decision_score
5,1780,5895-34622-0013,5895/34622,LibriSpeech_5895,LibriSpeech_5895,1,39.32655258605159,maximum_decision_score
5,1783,5895-34622-0016,5895/34622,LibriSpeech_5895,LibriSpeech_5895,1,39.32620834860369,maximum_decision_score
5,1794,5895-34629-0003,5895/34629,LibriSpeech_5895,LibriSpeech_5895,1,39.32763658754494,maximum_decision_score
5,1797,5895-34629-0006,5895/34629,LibriSpeech_5895,LibriSpeech_5895,1,39.32690728049051,maximum_decision_score
5,1808,5895-34629-0017,5895/34629,LibriSpeech_5895,LibriSpeech_5895,1,39.326796293442065,maximum_decision_score
5,1811,5895-34629-0020,5895/34629,LibriSpeech_5895,LibriSpeech_5895,1,39.327368623988505,maximum_decision_score
5,1820,5895-34629-0029,5895/34629,LibriSpeech_5895,LibriSpeech_5895,1,39.326766348730956,maximum_decision_score
5,1835,6241-61943-0010,6241/61943,LibriSpeech_6241,LibriSpeech_6241,1,39.325539446662496,maximum_decision_score
5,1842,6241-61943-0017,6241/61943,LibriSpeech_6241,LibriSpeech_6241,1,39.326193467436326,maximum_decision_score
5,1846,6241-61943-0021,6241/61943,LibriSpeech_6241,LibriSpeech_6241,1,39.32584246807307,maximum_decision_score
5,1851,6241-61943-0026,6241/61943,LibriSpeech_6241,LibriSpeech_6241,1,39.326094514366936,maximum_decision_score
5,1853,6241-61946-0000,6241/61946,LibriSpeech_6241,LibriSpeech_6241,1,39.3264024417827,maximum_decision_score
5,1862,6241-61946-0009,6241/61946,LibriSpeech_6241,LibriSpeech_6241,1,39.325912905389465,maximum_decision_score
5,1864,6241-61946-0011,6241/61946,LibriSpeech_6241,LibriSpeech_6241,1,39.327014618542165,maximum_decision_score
5,1865,6241-61946-0012,6241/61946,LibriSpeech_6241,LibriSpeech_6241,1,39.327141748212455,maximum_decision_score
5,1866,6241-61946-0013,6241/61946,LibriSpeech_6241,LibriSpeech_6241,1,39.32616601115881,maximum_decision_score
5,1875,6241-61946-0022,6241/61946,LibriSpeech_6241,LibriSpeech_6241,1,39.326926546645446,maximum_decision_score
5,1878,6241-66616-0001,6241/66616,LibriSpeech_6241,LibriSpeech_6241,1,39.326737395332955,maximum_decision_score
5,1882,6241-66616-0005,6241/66616,LibriSpeech_6241,LibriSpeech_6241,1,39.326868218811434,maximum_decision_score
5,1883,6241-66616-0006,6241/66616,LibriSpeech_6241,LibriSpeech_6241,1,39.326922759619656,maximum_decision_score
5,1893,6241-66616-0016,6241/66616,LibriSpeech_6241,LibriSpeech_6241,1,39.32747982361064,maximum_decision_score
5,1895,6241-66616-0018,6241/66616,LibriSpeech_6241,LibriSpeech_6241,1,39.32710093431821,maximum_decision_score
5,1896,6241-66616-0019,6241/66616,LibriSpeech_6241,LibriSpeech_6241,1,39.327017388345915,maximum_decision_score
5,1906,6295-244435-0003,6295/244435,LibriSpeech_6295,LibriSpeech_6295,1,39.32684527401345,maximum_decision_score
5,1912,6295-244435-0009,6295/244435,LibriSpeech_6295,LibriSpeech_6295,1,39.32627937016324,maximum_decision_score
5,1918,6295-244435-0015,6295/244435,LibriSpeech_6295,LibriSpeech_6295,1,39.32486332337802,maximum_decision_score
5,1922,6295-244435-0019,6295/244435,LibriSpeech_6295,LibriSpeech_6295,1,39.326489111464525,maximum_decision_score
5,1926,6295-244435-0023,6295/244435,LibriSpeech_6295,LibriSpeech_6295,1,39.326042315128106,maximum_decision_score
5,1931,6295-244435-0028,6295/244435,LibriSpeech_6295,LibriSpeech_6295,1,39.32681345615017,maximum_decision_score
5,1932,6295-244435-0029,6295/244435,LibriSpeech_6295,LibriSpeech_6295,1,39.326183574053665,maximum_decision_score
5,1941,6295-244435-0038,6295/244435,LibriSpeech_6295,LibriSpeech_6295,1,39.3260009896047,maximum_decision_score
5,1942,6295-244435-0039,6295/244435,LibriSpeech_6295,LibriSpeech_6295,1,39.327123384086555,maximum_decision_score
5,1949,6295-64301-0005,6295/64301,LibriSpeech_6295,LibriSpeech_6295,1,39.32688608694407,maximum_decision_score
5,1950,6295-64301-0006,6295/64301,LibriSpeech_6295,LibriSpeech_6295,1,39.32632744767231,maximum_decision_score
5,1959,6295-64301-0015,6295/64301,LibriSpeech_6295,LibriSpeech_6295,1,39.32634900868846,maximum_decision_score
5,1961,6295-64301-0017,6295/64301,LibriSpeech_6295,LibriSpeech_6295,1,39.32596900329661,maximum_decision_score
5,1969,6295-64301-0025,6295/64301,LibriSpeech_6295,LibriSpeech_6295,1,39.32534605995455,maximum_decision_score
5,1973,6295-64301-0029,6295/64301,LibriSpeech_6295,LibriSpeech_6295,1,39.325872687507825,maximum_decision_score
5,1983,6313-66125-0006,6313/66125,LibriSpeech_6313,LibriSpeech_6313,1,39.32551652073102,maximum_decision_score
5,1987,6313-66125-0010,6313/66125,LibriSpeech_6313,LibriSpeech_6313,1,39.32717184102693,maximum_decision_score
5,1992,6313-66125-0015,6313/66125,LibriSpeech_6313,LibriSpeech_6313,1,39.32632198885522,maximum_decision_score
5,1993,6313-66125-0016,6313/66125,LibriSpeech_6313,LibriSpeech_6313,1,39.32687156840309,maximum_decision_score
5,1998,6313-66125-0021,6313/66125,LibriSpeech_6313,LibriSpeech_6313,1,39.32647539191683,maximum_decision_score
5,1999,6313-66125-0022,6313/66125,LibriSpeech_6313,LibriSpeech_6313,1,39.32718816354243,maximum_decision_score
5,2006,6313-66129-0001,6313/66129,LibriSpeech_6313,LibriSpeech_6313,1,39.32636553514635,maximum_decision_score
5,2013,6313-66129-0008,6313/66129,LibriSpeech_6313,LibriSpeech_6313,1,39.32660732414737,maximum_decision_score
5,2016,6313-66129-0011,6313/66129,LibriSpeech_6313,LibriSpeech_6313,1,39.32703966839298,maximum_decision_score
5,2018,6313-66129-0013,6313/66129,LibriSpeech_6313,LibriSpeech_6313,1,39.326468776499645,maximum_decision_score
5,2025,6313-66129-0020,6313/66129,LibriSpeech_6313,LibriSpeech_6313,1,39.32630460455357,maximum_decision_score
5,2027,6313-66129-0022,6313/66129,LibriSpeech_6313,LibriSpeech_6313,1,39.32665223020513,maximum_decision_score
5,2036,6313-66129-0031,6313/66129,LibriSpeech_6313,LibriSpeech_6313,1,39.32550069169995,maximum_decision_score
5,2055,6313-76958-0014,6313/76958,LibriSpeech_6313,LibriSpeech_6313,1,39.32683436267021,maximum_decision_score
5,2056,6313-76958-0015,6313/76958,LibriSpeech_6313,LibriSpeech_6313,1,39.32556989214649,maximum_decision_score
5,2060,6313-76958-0019,6313/76958,LibriSpeech_6313,LibriSpeech_6313,1,39.32727336008551,maximum_decision_score
5,2063,6313-76958-0022,6313/76958,LibriSpeech_6313,LibriSpeech_6313,1,39.32643798150136,maximum_decision_score
5,2066,6313-76958-0025,6313/76958,LibriSpeech_6313,LibriSpeech_6313,1,39.32635616662296,maximum_decision_score
5,2072,6313-76958-0031,6313/76958,LibriSpeech_6313,LibriSpeech_6313,1,39.326249752707014,maximum_decision_score
5,2074,6319-275224-0001,6319/275224,LibriSpeech_6319,LibriSpeech_6319,1,39.32708909283377,maximum_decision_score
5,2080,6319-275224-0007,6319/275224,LibriSpeech_6319,LibriSpeech_6319,1,39.324396257986145,maximum_decision_score
5,2084,6319-275224-0011,6319/275224,LibriSpeech_6319,LibriSpeech_6319,1,39.326332673140215,maximum_decision_score
5,2104,6319-57405-0010,6319/57405,LibriSpeech_6319,LibriSpeech_6319,1,39.32713241887491,maximum_decision_score
5,2105,6319-57405-0011,6319/57405,LibriSpeech_6319,LibriSpeech_6319,1,39.32739140847477,maximum_decision_score
5,2107,6319-64726-0000,6319/64726,LibriSpeech_6319,LibriSpeech_6319,1,39.325753707296336,maximum_decision_score
5,2108,6319-64726-0001,6319/64726,LibriSpeech_6319,LibriSpeech_6319,1,39.3264978194527,maximum_decision_score
5,2114,6319-64726-0007,6319/64726,LibriSpeech_6319,LibriSpeech_6319,1,39.326451964803184,maximum_decision_score
5,2117,6319-64726-0010,6319/64726,LibriSpeech_6319,LibriSpeech_6319,1,39.32557446928791,maximum_decision_score
5,2122,6319-64726-0015,6319/64726,LibriSpeech_6319,LibriSpeech_6319,1,39.326227119650945,maximum_decision_score
5,2125,6319-64726-0018,6319/64726,LibriSpeech_6319,LibriSpeech_6319,1,39.326644774422654,maximum_decision_score
5,2129,6345-64257-0001,6345/64257,LibriSpeech_6345,LibriSpeech_6345,1,39.32606064583894,maximum_decision_score
5,2139,6345-64257-0011,6345/64257,LibriSpeech_6345,LibriSpeech_6345,1,39.32667934544152,maximum_decision_score
5,2143,6345-64257-0015,6345/64257,LibriSpeech_6345,LibriSpeech_6345,1,39.32546447138491,maximum_decision_score
5,2146,6345-64257-0018,6345/64257,LibriSpeech_6345,LibriSpeech_6345,1,39.3262458379859,maximum_decision_score
5,2150,6345-93302-0001,6345/93302,LibriSpeech_6345,LibriSpeech_6345,1,39.325800330325094,maximum_decision_score
5,2168,6345-93302-0019,6345/93302,LibriSpeech_6345,LibriSpeech_6345,1,39.32565617441957,maximum_decision_score
5,2171,6345-93302-0022,6345/93302,LibriSpeech_6345,LibriSpeech_6345,1,39.32703595544059,maximum_decision_score
5,2172,6345-93302-0023,6345/93302,LibriSpeech_6345,LibriSpeech_6345,1,39.32726886532249,maximum_decision_score
5,2175,6345-93302-0026,6345/93302,LibriSpeech_6345,LibriSpeech_6345,1,39.326025386417875,maximum_decision_score
5,2177,6345-93302-0028,6345/93302,LibriSpeech_6345,LibriSpeech_6345,1,39.327878846249234,maximum_decision_score
5,2179,6345-93306-0000,6345/93306,LibriSpeech_6345,LibriSpeech_6345,1,39.32641996499193,maximum_decision_score
5,2180,6345-93306-0001,6345/93306,LibriSpeech_6345,LibriSpeech_6345,1,39.325396220755266,maximum_decision_score
5,2182,6345-93306-0003,6345/93306,LibriSpeech_6345,LibriSpeech_6345,1,39.327630717262,maximum_decision_score
5,2187,6345-93306-0008,6345/93306,LibriSpeech_6345,LibriSpeech_6345,1,39.32700983440177,maximum_decision_score
5,2193,6345-93306-0014,6345/93306,LibriSpeech_6345,LibriSpeech_6345,1,39.326582110908,maximum_decision_score
5,2214,652-129742-0009,652/129742,LibriSpeech_652,LibriSpeech_652,1,39.32511897239407,maximum_decision_score
5,2215,652-129742-0010,652/129742,LibriSpeech_652,LibriSpeech_652,1,39.327337041216175,maximum_decision_score
5,2216,652-129742-0011,652/129742,LibriSpeech_652,LibriSpeech_652,1,39.326737449892,maximum_decision_score
5,2219,652-129742-0014,652/129742,LibriSpeech_652,LibriSpeech_652,1,39.326972435294586,maximum_decision_score
5,2220,652-129742-0015,652/129742,LibriSpeech_652,LibriSpeech_652,1,39.32415367897769,maximum_decision_score
5,2225,652-129742-0020,652/129742,LibriSpeech_652,LibriSpeech_652,1,39.326262272699566,maximum_decision_score
5,2227,652-130726-0001,652/130726,LibriSpeech_652,LibriSpeech_652,1,39.32646327358643,maximum_decision_score
5,2228,652-130726-0002,652/130726,LibriSpeech_652,LibriSpeech_652,1,39.32600076719855,maximum_decision_score
5,2233,652-130726-0007,652/130726,LibriSpeech_652,LibriSpeech_652,1,39.32644151583354,maximum_decision_score
5,2234,652-130726-0008,652/130726,LibriSpeech_652,LibriSpeech_652,1,39.32570119426798,maximum_decision_score
5,2235,652-130726-0009,652/130726,LibriSpeech_652,LibriSpeech_652,1,39.32606995769016,maximum_decision_score
5,2241,652-130726-0015,652/130726,LibriSpeech_652,LibriSpeech_652,1,39.32563729470249,maximum_decision_score
5,2270,652-130737-0008,652/130737,LibriSpeech_652,LibriSpeech_652,1,39.326251489819526,maximum_decision_score
5,2274,652-130737-0012,652/130737,LibriSpeech_652,LibriSpeech_652,1,39.32452153394287,maximum_decision_score
5,2279,777-126732-0003,777/126732,LibriSpeech_777,LibriSpeech_777,1,39.32739446050507,maximum_decision_score
5,2282,777-126732-0006,777/126732,LibriSpeech_777,LibriSpeech_777,1,39.32555047856824,maximum_decision_score
5,2290,777-126732-0014,777/126732,LibriSpeech_777,LibriSpeech_777,1,39.325170471659575,maximum_decision_score
5,2292,777-126732-0016,777/126732,LibriSpeech_777,LibriSpeech_777,1,39.32680338182398,maximum_decision_score
5,2294,777-126732-0018,777/126732,LibriSpeech_777,LibriSpeech_777,1,39.32687369286612,maximum_decision_score
5,2297,777-126732-0021,777/126732,LibriSpeech_777,LibriSpeech_777,1,39.3274379473687,maximum_decision_score
5,2299,777-126732-0023,777/126732,LibriSpeech_777,LibriSpeech_777,1,39.326869451821075,maximum_decision_score
5,2305,777-126732-0029,777/126732,LibriSpeech_777,LibriSpeech_777,1,39.32674897488964,maximum_decision_score
5,2314,777-126732-0038,777/126732,LibriSpeech_777,LibriSpeech_777,1,39.32681218986772,maximum_decision_score
5,2323,777-126732-0047,777/126732,LibriSpeech_777,LibriSpeech_777,1,39.32616964659403,maximum_decision_score
5,2326,777-126732-0050,777/126732,LibriSpeech_777,LibriSpeech_777,1,39.32721545297301,maximum_decision_score
5,2329,777-126732-0053,777/126732,LibriSpeech_777,LibriSpeech_777,1,39.32732958529229,maximum_decision_score
5,2330,777-126732-0054,777/126732,LibriSpeech_777,LibriSpeech_777,1,39.325835973778275,maximum_decision_score
5,2332,777-126732-0056,777/126732,LibriSpeech_777,LibriSpeech_777,1,39.32719338473974,maximum_decision_score
5,2344,777-126732-0068,777/126732,LibriSpeech_777,LibriSpeech_777,1,39.325592920329804,maximum_decision_score
5,2351,777-126732-0075,777/126732,LibriSpeech_777,LibriSpeech_777,1,39.32712573292441,maximum_decision_score
5,2355,777-126732-0079,777/126732,LibriSpeech_777,LibriSpeech_777,1,39.32684015476158,maximum_decision_score
5,2359,7850-111771-0001,7850/111771,LibriSpeech_7850,LibriSpeech_7850,1,39.32573495005158,maximum_decision_score
5,2363,7850-111771-0005,7850/111771,LibriSpeech_7850,LibriSpeech_7850,1,39.32649279905819,maximum_decision_score
5,2369,7850-281318-0001,7850/281318,LibriSpeech_7850,LibriSpeech_7850,1,39.32618667666126,maximum_decision_score
5,2376,7850-281318-0008,7850/281318,LibriSpeech_7850,LibriSpeech_7850,1,39.3271186038672,maximum_decision_score
5,2377,7850-281318-0009,7850/281318,LibriSpeech_7850,LibriSpeech_7850,1,39.326526297256024,maximum_decision_score
5,2383,7850-281318-0015,7850/281318,LibriSpeech_7850,LibriSpeech_7850,1,39.32561522069993,maximum_decision_score
5,2386,7850-281318-0018,7850/281318,LibriSpeech_7850,LibriSpeech_7850,1,39.327292949467456,maximum_decision_score
5,2389,7850-281318-0021,7850/281318,LibriSpeech_7850,LibriSpeech_7850,1,39.32684578689982,maximum_decision_score
5,2398,7850-286674-0006,7850/286674,LibriSpeech_7850,LibriSpeech_7850,1,39.3269798551259,maximum_decision_score
5,2399,7850-286674-0007,7850/286674,LibriSpeech_7850,LibriSpeech_7850,1,39.327674863674105,maximum_decision_score
5,2402,7850-286674-0010,7850/286674,LibriSpeech_7850,LibriSpeech_7850,1,39.32687321710572,maximum_decision_score
5,2404,7850-286674-0012,7850/286674,LibriSpeech_7850,LibriSpeech_7850,1,39.32680056649857,maximum_decision_score
5,2405,7850-286674-0013,7850/286674,LibriSpeech_7850,LibriSpeech_7850,1,39.326835132514816,maximum_decision_score
5,2406,7850-286674-0014,7850/286674,LibriSpeech_7850,LibriSpeech_7850,1,39.32689656335497,maximum_decision_score
5,2430,7976-105575-0000,7976/105575,LibriSpeech_7976,LibriSpeech_7976,1,39.327326470555874,maximum_decision_score
5,2431,7976-105575-0001,7976/105575,LibriSpeech_7976,LibriSpeech_7976,1,39.32678832111386,maximum_decision_score
5,2434,7976-105575-0004,7976/105575,LibriSpeech_7976,LibriSpeech_7976,1,39.326692567293215,maximum_decision_score
5,2453,7976-105575-0023,7976/105575,LibriSpeech_7976,LibriSpeech_7976,1,39.32664409483822,maximum_decision_score
5,2458,7976-105575-0028,7976/105575,LibriSpeech_7976,LibriSpeech_7976,1,39.32682171963281,maximum_decision_score
5,2463,7976-110124-0003,7976/110124,LibriSpeech_7976,LibriSpeech_7976,1,39.32663261793101,maximum_decision_score
5,2468,7976-110124-0008,7976/110124,LibriSpeech_7976,LibriSpeech_7976,1,39.32682289271238,maximum_decision_score
5,2469,7976-110124-0009,7976/110124,LibriSpeech_7976,LibriSpeech_7976,1,39.32723316247537,maximum_decision_score
5,2472,7976-110124-0012,7976/110124,LibriSpeech_7976,LibriSpeech_7976,1,39.326738094094964,maximum_decision_score
5,2473,7976-110124-0013,7976/110124,LibriSpeech_7976,LibriSpeech_7976,1,39.32633654035975,maximum_decision_score
5,2477,7976-110124-0017,7976/110124,LibriSpeech_7976,LibriSpeech_7976,1,39.32660940227728,maximum_decision_score
5,2487,7976-110523-0001,7976/110523,LibriSpeech_7976,LibriSpeech_7976,1,39.326878021094096,maximum_decision_score
5,2498,7976-110523-0012,7976/110523,LibriSpeech_7976,LibriSpeech_7976,1,39.32509965098363,maximum_decision_score
5,2503,7976-110523-0017,7976/110523,LibriSpeech_7976,LibriSpeech_7976,1,39.32512231314119,maximum_decision_score
5,2507,7976-110523-0021,7976/110523,LibriSpeech_7976,LibriSpeech_7976,1,39.32635483597872,maximum_decision_score
5,2508,8297-275154-0000,8297/275154,LibriSpeech_8297,LibriSpeech_8297,1,39.32661210485655,maximum_decision_score
5,2511,8297-275154-0003,8297/275154,LibriSpeech_8297,LibriSpeech_8297,1,39.3271803823959,maximum_decision_score
5,2512,8297-275154-0004,8297/275154,LibriSpeech_8297,LibriSpeech_8297,1,39.32719570522957,maximum_decision_score
5,2521,8297-275154-0013,8297/275154,LibriSpeech_8297,LibriSpeech_8297,1,39.326654692645604,maximum_decision_score
5,2522,8297-275154-0014,8297/275154,LibriSpeech_8297,LibriSpeech_8297,1,39.327054503538164,maximum_decision_score
5,2527,8297-275154-0019,8297/275154,LibriSpeech_8297,LibriSpeech_8297,1,39.326888966137105,maximum_decision_score
5,2528,8297-275154-0020,8297/275154,LibriSpeech_8297,LibriSpeech_8297,1,39.32554410185942,maximum_decision_score
5,2546,8297-275155-0010,8297/275155,LibriSpeech_8297,LibriSpeech_8297,1,39.32627189499771,maximum_decision_score
5,2547,8297-275155-0011,8297/275155,LibriSpeech_8297,LibriSpeech_8297,1,39.32631766471725,maximum_decision_score
5,2550,8297-275155-0014,8297/275155,LibriSpeech_8297,LibriSpeech_8297,1,39.32653505217526,maximum_decision_score
5,2552,8297-275155-0016,8297/275155,LibriSpeech_8297,LibriSpeech_8297,1,39.32649742924385,maximum_decision_score
5,2553,8297-275155-0017,8297/275155,LibriSpeech_8297,LibriSpeech_8297,1,39.32575581330941,maximum_decision_score
5,2565,8297-275155-0029,8297/275155,LibriSpeech_8297,LibriSpeech_8297,1,39.326095942464704,maximum_decision_score
5,2576,8297-275156-0007,8297/275156,LibriSpeech_8297,LibriSpeech_8297,1,39.32685348037763,maximum_decision_score
5,2579,8297-275156-0010,8297/275156,LibriSpeech_8297,LibriSpeech_8297,1,39.32660656438846,maximum_decision_score
5,2584,84-121123-0001,84/121123,LibriSpeech_84,LibriSpeech_84,1,39.32685552039433,maximum_decision_score
5,2587,84-121123-0004,84/121123,LibriSpeech_84,LibriSpeech_84,1,39.32607610493903,maximum_decision_score
5,2589,84-121123-0006,84/121123,LibriSpeech_84,LibriSpeech_84,1,39.32682536461662,maximum_decision_score
5,2591,84-121123-0008,84/121123,LibriSpeech_84,LibriSpeech_84,1,39.32649230149785,maximum_decision_score
5,2596,84-121123-0013,84/121123,LibriSpeech_84,LibriSpeech_84,1,38.326491692953574,maximum_decision_score
5,2603,84-121123-0020,84/121123,LibriSpeech_84,LibriSpeech_84,1,39.3263486065852,maximum_decision_score
5,2604,84-121123-0021,84/121123,LibriSpeech_84,LibriSpeech_84,1,39.32630184236321,maximum_decision_score
5,2606,84-121123-0023,84/121123,LibriSpeech_84,LibriSpeech_84,1,39.326744767778855,maximum_decision_score
5,2620,84-121550-0008,84/121550,LibriSpeech_84,LibriSpeech_84,1,39.32643927057073,maximum_decision_score
5,2622,84-121550-0010,84/121550,LibriSpeech_84,LibriSpeech_84,1,39.3267139067664,maximum_decision_score
5,2625,84-121550-0013,84/121550,LibriSpeech_84,LibriSpeech_84,1,39.325997677205756,maximum_decision_score
5,2632,84-121550-0020,84/121550,LibriSpeech_84,LibriSpeech_84,1,39.32620076956452,maximum_decision_score
5,2647,84-121550-0035,84/121550,LibriSpeech_84,LibriSpeech_84,1,39.32669515623687,maximum_decision_score
5,2653,8842-302196-0005,8842/302196,LibriSpeech_8842,LibriSpeech_8842,1,39.32576506792793,maximum_decision_score
5,2656,8842-302196-0008,8842/302196,LibriSpeech_8842,LibriSpeech_8842,1,39.326759146395766,maximum_decision_score
5,2657,8842-302196-0009,8842/302196,LibriSpeech_8842,LibriSpeech_8842,1,39.32655937437354,maximum_decision_score
5,2661,8842-302201-0000,8842/302201,LibriSpeech_8842,LibriSpeech_8842,1,39.32675797900055,maximum_decision_score
5,2663,8842-302201-0002,8842/302201,LibriSpeech_8842,LibriSpeech_8842,1,39.326827954639626,maximum_decision_score
5,2667,8842-302201-0006,8842/302201,LibriSpeech_8842,LibriSpeech_8842,1,39.32590486988563,maximum_decision_score
5,2675,8842-302201-0014,8842/302201,LibriSpeech_8842,LibriSpeech_8842,1,39.32708030154522,maximum_decision_score
5,2678,8842-302203-0001,8842/302203,LibriSpeech_8842,LibriSpeech_8842,1,39.3267206393682,maximum_decision_score
5,2695,8842-304647-0006,8842/304647,LibriSpeech_8842,LibriSpeech_8842,1,39.32505232564798,maximum_decision_score
5,2697,8842-304647-0008,8842/304647,LibriSpeech_8842,LibriSpeech_8842,1,39.32516523176459,maximum_decision_score
5,2698,8842-304647-0009,8842/304647,LibriSpeech_8842,LibriSpeech_8842,1,39.32583168313438,maximum_decision_score
