model_id,model,classifier_id,classifier,folds,accuracy_mean,accuracy_sd,precision_macro_mean,precision_macro_sd,recall_macro_mean,recall_macro_sd,f1_macro_mean,f1_macro_sd,classifier_fit_seconds_mean,classifier_fit_seconds_sd,prediction_ms_per_sample_mean,prediction_ms_per_sample_sd
speechbrain_ecapa,ECAPA-TDNN,cosine_centroid,Cosine Centroid,2,0.9900448783071977,0.007464011600532926,0.9908596832986883,0.005004414149102513,0.9915544794503872,0.00579726064978759,0.989829053761399,0.007071689642413047,0.002225249947514385,0.00013880513026037514,0.0014118598115266529,0.0002351137125492875
speechbrain_ecapa,ECAPA-TDNN,logistic_regression,Logistic Regression,2,0.9891291227858414,0.007436154176152329,0.9897191303032966,0.005020706932079001,0.991282214347402,0.006753978246662032,0.9890572580341058,0.00749054885011862,0.01463315001456067,0.0004346585553773897,0.0008428934925842497,6.687005592008404e-05
speechbrain_ecapa,ECAPA-TDNN,linear_svm,Linear SVM,2,0.9840038256367958,0.0014551058905192134,0.9859849310099223,0.0022757618601611917,0.9877266854676222,0.0030674596815452267,0.9851613671495005,0.0029924128271261686,0.07727589999558404,0.00760394351274625,0.03700316388336128,0.003231236062603656
speechbrain_ecapa,ECAPA-TDNN,knn,KNN,2,0.9835164006155889,0.0005014336388510556,0.9843582171095338,0.0009641015897982028,0.9876952107853658,0.0016811891609499533,0.9835910051724773,0.0007547450083247143,0.0010378499864600599,8.15295387675941e-05,0.6593572380090704,0.9235736811822289
speechbrain_ecapa,ECAPA-TDNN,random_forest,Random Forest,2,0.9822511072888271,0.0065796865542377845,0.9826447483621343,0.0069713319509110685,0.9834293915446864,0.004363563390441709,0.9817849840024038,0.006549695103861664,4.09165340004256,0.27483331390843774,0.038310467906108314,0.0006190125810755389
speechbrain_ecapa,ECAPA-TDNN,rbf_svm,RBF SVM,2,0.9793856516826431,0.0012743289876237312,0.9818798629335379,0.00104432412448803,0.9820588501095264,0.00034442229679855426,0.9800086786632478,0.0006831321941255446,0.14830949995666742,0.009766558813616894,0.08723652797490025,0.0028709615720466206
speechbrain_ecapa,ECAPA-TDNN,xgboost,XGBoost,2,0.9051109635843635,0.01000614975305307,0.9026768293956464,0.0159669251019216,0.9115112453510095,0.007317930068129448,0.9008428677602169,0.012040745084825841,7.559698599972762,0.12452136277323048,0.03252168532785103,0.005689422719279579
speechbrain_ecapa,ECAPA-TDNN,decision_tree,Decision Tree,2,0.5919670009488652,0.01347706628864592,0.5889535368458435,0.01953837829902917,0.6156143667419516,0.016986116329694566,0.5823440584209881,0.014802376590397258,0.35080244997516274,0.05992539052971352,0.0010096058581942125,0.0006231915128343955
speechbrain_xvector,X-Vector,logistic_regression,Logistic Regression,2,0.9640294584091922,0.0179223999664031,0.9687418701038251,0.012759503872553117,0.9667830479890354,0.01712952826975318,0.9628784539629061,0.018617931591867243,0.049061300000175834,0.004653894031335017,0.0015756614543115698,4.1516336970089514e-05
speechbrain_xvector,X-Vector,linear_svm,Linear SVM,2,0.9565458288488555,0.028505850386407558,0.9629891602061866,0.021694747813070576,0.9609380229619253,0.02380377482681893,0.9549414150571192,0.029466672785626872,0.1619483000249602,0.021615830076589616,0.07799156456527521,0.015454989502491618
speechbrain_xvector,X-Vector,cosine_centroid,Cosine Centroid,2,0.9530994866739759,0.014371467424610632,0.9586333170499437,0.005203879582565026,0.9558059749593518,0.0128508465305931,0.9525752077341255,0.011579676773850127,0.005662400042638183,0.0018210828414561063,0.0032548163013246503,0.0004114334406934336
speechbrain_xvector,X-Vector,knn,KNN,2,0.9438237424182987,0.02242048493713648,0.9499761945254657,0.014685832809479299,0.9509457394315111,0.014864401162551237,0.944075930383623,0.02022248912142372,0.0019527999684214592,0.0005900099456730846,0.01913949734108021,0.007266699459251472
speechbrain_xvector,X-Vector,rbf_svm,RBF SVM,2,0.9337898280307526,0.02013676884908332,0.9476344329084416,0.00941033760901411,0.9363448235065379,0.01745410948478777,0.9316332400727187,0.02203049559749701,0.2820188499754295,0.035693689711560755,0.19094447312003426,0.0073847900854504414
speechbrain_xvector,X-Vector,random_forest,Random Forest,2,0.9301859004663857,0.016362976912245922,0.9409814210301626,0.0069601583893260715,0.9346214571944487,0.014554806382419154,0.9270364624785863,0.01751168446346573,5.582088999974076,0.26444846099180214,0.037355360067652624,0.004584512648086396
speechbrain_xvector,X-Vector,xgboost,XGBoost,2,0.8353559585718069,0.022483905030939128,0.8466230410904327,0.024530119438673826,0.8458317043534924,0.01412276850186703,0.8316972899266322,0.022099315150988588,23.387250149971806,0.9312844502403949,0.03037849205787898,0.0024009985574085274
speechbrain_xvector,X-Vector,decision_tree,Decision Tree,2,0.6013756030994029,0.00017129352438294027,0.6066032354829485,0.02635955242561853,0.6080171802922021,0.004397512084647349,0.5859090428658341,0.01480280479325794,0.7109939500223845,0.04920381326943425,0.0020766142294845976,0.00043021807931215483
wavlm_base_plus_sv,WavLM,logistic_regression,Logistic Regression,2,0.9319386188143544,0.021487557575964416,0.9355142795035856,0.02037202225278389,0.939894971179685,0.010950954161831032,0.9297029610596508,0.021245115740283697,0.10611254995455965,0.011264564576222423,0.0014851911809749363,7.650604426401058e-05
wavlm_base_plus_sv,WavLM,linear_svm,Linear SVM,2,0.9219244026004942,0.017908767609791352,0.9312093859896762,0.013595741911935024,0.931672829745614,0.006941172379502878,0.9205323731796946,0.015110090323769951,0.14479434996610507,0.009790954018688668,0.07869813218017713,0.010363442585696051
wavlm_base_plus_sv,WavLM,random_forest,Random Forest,2,0.9179512390570359,0.008321071933604577,0.925350354853006,0.007763564377710489,0.9262134535730682,0.0021765070850629695,0.9168002247872746,0.0059252483864247986,5.546303250011988,0.34030298727581715,0.03507849733508848,0.0020857154088553
wavlm_base_plus_sv,WavLM,rbf_svm,RBF SVM,2,0.9096897411911444,0.00986686263114993,0.920658005082027,0.005522102026825593,0.9194642905290377,0.0015492910205002063,0.9075125135046015,0.005987630362051468,0.1947665000334382,0.009955921969798309,0.18827440707117343,0.025852404561392196
wavlm_base_plus_sv,WavLM,knn,KNN,2,0.904485651347355,0.021028206429262886,0.9105431141942268,0.014634587004530042,0.9169386823646388,0.012559299967882277,0.9024330105277385,0.021630824844826382,0.001699900021776557,0.0001603718866703647,0.018888764245859727,0.006215013547064549
wavlm_base_plus_sv,WavLM,xgboost,XGBoost,2,0.8814932724450211,0.028200011429377943,0.8871695129514616,0.024409975058183105,0.8874135122086194,0.020772843078258073,0.8789253989790353,0.02880704630314507,21.85387079999782,0.6344347302594106,0.04036105377011687,0.0026839187755509585
wavlm_base_plus_sv,WavLM,cosine_centroid,Cosine Centroid,2,0.8638822669496498,0.012554807728300532,0.8703009894834939,0.00039339933890909426,0.8724506757523465,0.00174728443971067,0.8525593595546328,0.004403710809846865,0.00474174995906651,0.000580888281056889,0.0028599779482441777,0.0001068711574386352
wavlm_base_plus_sv,WavLM,decision_tree,Decision Tree,2,0.6842269598425488,0.031170087037276768,0.6976052098930343,0.029221596352308112,0.6912886016263642,0.035794526692735196,0.6792073479144343,0.02929244938849247,0.8656633000355214,0.22793473955814597,0.0020814341894369896,0.0013941669056840233
unispeech_sat_base_plus_sv,UniSpeech-SAT,logistic_regression,Logistic Regression,2,0.9356804335945228,0.016195832365962184,0.9433847577710828,0.008681317487481691,0.9448796466541656,0.00616914978930319,0.9349293990851246,0.015031806424752176,0.1272840999881737,0.002201082038034803,0.0018090878055627981,0.00022094925807967483
unispeech_sat_base_plus_sv,UniSpeech-SAT,linear_svm,Linear SVM,2,0.924612574643505,0.021710416971009346,0.9348854672158275,0.020580292312592962,0.9352485613880426,0.00825619158266363,0.9230499845933846,0.022532899188338743,0.14029789995402098,0.00834145582136051,0.06658451791644912,0.0042194227754808866
unispeech_sat_base_plus_sv,UniSpeech-SAT,rbf_svm,RBF SVM,2,0.9101771662123513,0.007910323101779818,0.9184102047534934,0.011178731112544825,0.9199919205671306,0.0054757378674966115,0.9061232201315111,0.00924182009237417,0.2033864000113681,0.03256622710492803,0.1893446301390195,0.026551615388455258
unispeech_sat_base_plus_sv,UniSpeech-SAT,knn,KNN,2,0.8928763021750137,0.0019642447744116455,0.9001824231346474,0.0009417016640348556,0.9060751685938497,0.006979787844999559,0.8900342309406825,0.001773989338335562,0.0016394499689340591,0.000148280350959294,0.018785156932950884,0.008072086676451689
unispeech_sat_base_plus_sv,UniSpeech-SAT,random_forest,Random Forest,2,0.8919802448273434,0.0006970283206723404,0.9025889163904129,0.002438928779012531,0.9015571978238617,0.01122207406803101,0.886274649283041,0.0004200602916165419,5.336013100051787,0.19299913903689592,0.030579695705853324,0.0025806351581166174
unispeech_sat_base_plus_sv,UniSpeech-SAT,xgboost,XGBoost,2,0.8547888355780868,0.021472147085881584,0.8573818700094356,0.002085441089102383,0.8615402164435906,0.020618101652430835,0.8422470422125281,0.015556880869325143,22.176962300029118,2.742921792839907,0.032592777554112703,0.0007919340457541144
unispeech_sat_base_plus_sv,UniSpeech-SAT,cosine_centroid,Cosine Centroid,2,0.8326925140234231,0.013033125632027224,0.8572752780606017,0.005746788448557275,0.8451132472641332,0.015029042477816647,0.8275669168662958,0.014311548192584499,0.004985000065062195,0.0003347443472623785,0.004933917614448451,0.0013423016554757927
unispeech_sat_base_plus_sv,UniSpeech-SAT,decision_tree,Decision Tree,2,0.6482907852781717,0.014582472596514826,0.6449704704732432,0.01613286830789552,0.6544621558174324,0.02028332580004488,0.6372447036884155,0.02624671275783798,1.0017224500188604,0.021886722606902498,0.0017402747617104037,0.0007733145582833132
