category,name,n,mean,std,ci95_half_width,ci95_lower,ci95_upper,minimum,maximum
metric,accuracy,5,0.9841272530066771,0.009690942668089612,0.01203289416370464,0.9720943588429725,0.9961601471703818,0.9705340699815838,0.996268656716418
metric,balanced_accuracy,5,0.9837564945374544,0.011304965212729489,0.014036967773740087,0.9697195267637143,0.9977934623111945,0.9673476998148051,0.9963541666666667
metric,precision_macro,5,0.9858445505732657,0.008623564773251236,0.010707569509421042,0.9751369810638446,0.9965521200826868,0.9734622118078,0.9967708333333334
metric,recall_macro,5,0.9837564945374544,0.011304965212729489,0.014036967773740087,0.9697195267637143,0.9977934623111945,0.9673476998148051,0.9963541666666667
metric,f1_macro,5,0.9842256400097881,0.01033108543048528,0.012827736355365965,0.9713979036544221,0.997053376365154,0.9692863266736073,0.9964380712869371
metric,precision_weighted,5,0.9852925659669498,0.009029427094454387,0.011211514122792256,0.9740810518441575,0.9965040800897421,0.9724280900913986,0.9965096393034825
metric,recall_weighted,5,0.9841272530066771,0.009690942668089612,0.01203289416370464,0.9720943588429725,0.9961601471703818,0.9705340699815838,0.996268656716418
metric,f1_weighted,5,0.98414647968476,0.009719238809134612,0.012068028461997095,0.9720784512227629,0.996214508146757,0.9704443558267443,0.9962602653896933
timing,scaler_fit_seconds,5,0.009999079979024827,0.0014276129868673582,0.0017726155819980276,0.0082264643970268,0.011771695561022855,0.008315799990668893,0.012108099996112287
timing,scaler_transform_seconds,5,0.009309240034781396,0.0011295838771106976,0.0014025635800175066,0.00790667645476389,0.010711803614798903,0.007963700103573501,0.010520700016058981
timing,classifier_fit_seconds,5,0.4543919400079176,0.04310055829274944,0.053516409506885826,0.40087553050103175,0.5079083495148035,0.41204389999620616,0.5222173000220209
timing,prediction_seconds,5,0.07955779999028892,0.011543677179079784,0.014333367817067262,0.06522443217322166,0.09389116780735618,0.06247589993290603,0.09079940000083297
timing,prediction_ms_per_sample,5,0.14719558305195696,0.02164023326573519,0.02686989754071096,0.120325685511246,0.1740654805926679,0.11569611098686303,0.16940186567319584
timing,fold_total_seconds,5,0.663961699954234,0.06591599786652816,0.08184551835546779,0.5821161815987662,0.7458072183097019,0.5816610999172553,0.7546063999179751
